,date,reward_0,reward_1
0,2017-01-25,0.0,0.0
1,2017-01-26,-0.0007177375175520467,-0.0007177375175520467
2,2017-01-27,0.002126051665799703,0.002126051665799703
3,2017-01-30,-0.0034919608022762998,-0.0034919608022762998
4,2017-01-31,-0.003221956924145296,-0.003221956924145296
5,2017-02-01,-0.0002945371350914346,-0.0002945371350914346
6,2017-02-02,0.00161418361734314,0.00161418361734314
7,2017-02-03,0.007936019591847043,0.007936019591847043
8,2017-02-06,-0.0015260066790224165,-0.0015260066790224165
9,2017-02-07,0.0018746064170301296,0.0018746064170301296
10,2017-02-08,0.0011601588657134201,0.0011601588657134201
11,2017-02-09,0.005418696466922444,0.005418696466922444
12,2017-02-10,0.0030859636280471774,0.0030859636280471774
13,2017-02-13,0.005525834142039998,0.005525834142039998
14,2017-02-14,0.004027563697517053,0.004027563697517053
15,2017-02-15,0.005536752508526053,0.005536752508526053
16,2017-02-16,0.001638627855978608,0.001638627855978608
17,2017-02-17,0.0023100015473983427,0.0023100015473983427
18,2017-02-21,0.006184338081258194,0.006184338081258194
19,2017-02-22,0.0004546633033222787,0.0004546633033222787
20,2017-02-23,0.0013580915554758785,0.0013580915554758785
21,2017-02-24,0.0022772034333449096,0.0022772034333449096
22,2017-02-27,-0.0005139723970232609,-0.0005139723970232609
23,2017-02-28,-0.0015383261052541839,-0.0015383261052541839
24,2017-03-01,0.012569836591542871,0.012569836591542871
25,2017-03-02,-0.004949076764067055,-0.004949076764067055
26,2017-03-03,-0.00027702113718755414,-0.00027702113718755414
27,2017-03-06,-0.0025214693401318378,-0.0025214693401318378
28,2017-03-07,-0.0014689279549998087,-0.0014689279549998087
29,2017-03-08,-0.0025385332035530632,-0.0025385332035530632
30,2017-03-09,0.0002611867617429946,0.0002611867617429946
31,2017-03-10,0.00309611205150943,0.00309611205150943
32,2017-03-13,-0.0018647749943590524,-0.0018647749943590524
33,2017-03-14,-0.0011752145900602844,-0.0011752145900602844
34,2017-03-15,0.004921082750401076,0.004921082750401076
35,2017-03-16,-0.001156866753293707,-0.001156866753293707
36,2017-03-17,-0.0024455136635382615,-0.0024455136635382615
37,2017-03-20,-0.0003104971265283808,-0.0003104971265283808
38,2017-03-21,-0.00933334983238685,-0.00933334983238685
39,2017-03-22,-0.00037512217870224124,-0.00037512217870224124
40,2017-03-23,-0.0010143799399081614,-0.0010143799399081614
41,2017-03-24,-0.001134952749603399,-0.001134952749603399
42,2017-03-27,-0.001944109121295555,-0.001944109121295555
43,2017-03-28,0.0059571060205135095,0.0059571060205135095
44,2017-03-29,-0.0015525079642284107,-0.0015525079642284107
45,2017-03-30,0.002321136336821391,0.002321136336821391
46,2017-03-31,-0.0016041552000703593,-0.0016041552000703593
47,2017-04-03,-0.0008854790816709523,-0.0008854790816709523
48,2017-04-04,0.0012046229297479065,0.0012046229297479065
49,2017-04-05,-0.001984598929899723,-0.001984598929899723
50,2017-04-06,0.00042439355414399405,0.00042439355414399405
51,2017-04-07,0.000433533096893119,0.000433533096893119
52,2017-04-10,0.00020219754208061655,0.00020219754208061655
53,2017-04-11,0.0003164468569233488,0.0003164468569233488
54,2017-04-12,-0.0020703526287790108,-0.0020703526287790108
55,2017-04-13,-0.006181457283665508,-0.006181457283665508
56,2017-04-17,0.008076348269455108,0.008076348269455108
57,2017-04-18,-0.002901185149174929,-0.002901185149174929
58,2017-04-19,-0.003923026184245731,-0.003923026184245731
59,2017-04-20,0.007448098092758797,0.007448098092758797
60,2017-04-21,-0.0007116079270687259,-0.0007116079270687259
61,2017-04-24,0.009547206370509981,0.009547206370509981
62,2017-04-25,0.009234519839321276,0.009234519839321276
63,2017-04-26,5.421851946658886e-05,5.421851946658886e-05
64,2017-04-27,0.0004164822618829642,0.0004164822618829642
65,2017-04-28,-0.0016090757636464687,-0.0016090757636464687
66,2017-05-01,-0.0010031612294696456,-0.0010031612294696456
67,2017-05-02,0.0016533866139909511,0.0016533866139909511
68,2017-05-03,1.3428112382728863e-05,1.3428112382728863e-05
69,2017-05-04,-0.0005525275781786024,-0.0005525275781786024
70,2017-05-05,0.002117114650232442,0.002117114650232442
71,2017-05-08,5.522154926367978e-06,5.522154926367978e-06
72,2017-05-09,-0.0008607921095778347,-0.0008607921095778347
73,2017-05-10,-0.000924941682557252,-0.000924941682557252
74,2017-05-11,-0.0021779644502424394,-0.0021779644502424394
75,2017-05-12,-0.0007112542565191873,-0.0007112542565191873
76,2017-05-15,0.003871483763003803,0.003871483763003803
77,2017-05-16,-0.0003275299280797387,-0.0003275299280797387
78,2017-05-17,-0.01582529117842483,-0.01582529117842483
79,2017-05-18,0.0018778312611641766,0.0018778312611641766
80,2017-05-19,0.004753267773305664,0.004753267773305664
81,2017-05-22,0.003478970898319336,0.003478970898319336
82,2017-05-23,0.00175824719238244,0.00175824719238244
83,2017-05-24,0.002622762236972779,0.002622762236972779
84,2017-05-25,0.0047149810536844215,0.0047149810536844215
85,2017-05-26,-0.0002326197745757909,-0.0002326197745757909
86,2017-05-30,-0.001420247403548659,-0.001420247403548659
87,2017-05-31,-0.0001357695415188417,-0.0001357695415188417
88,2017-06-01,0.005806751391536016,0.005806751391536016
89,2017-06-02,0.00393387965034569,0.00393387965034569
90,2017-06-05,-0.00010938595281541623,-0.00010938595281541623
91,2017-06-06,-0.0040436172480708705,-0.0040436172480708705
92,2017-06-07,0.0019394334798877493,0.0019394334798877493
93,2017-06-08,-0.0004334432010475495,-0.0004334432010475495
94,2017-06-09,0.001378848777728519,0.001378848777728519
95,2017-06-12,-0.0007907266637749811,-0.0007907266637749811
96,2017-06-13,0.003494648900693974,0.003494648900693974
97,2017-06-14,0.0023116393377602272,0.0023116393377602272
98,2017-06-15,-0.002183104146818248,-0.002183104146818248
99,2017-06-16,-0.0030956570172560906,-0.0030956570172560906
100,2017-06-19,0.007143410434871578,0.007143410434871578
101,2017-06-20,-0.003653310440006906,-0.003653310440006906
102,2017-06-21,-0.00045787870682641304,-0.00045787870682641304
103,2017-06-22,-0.001026134442678392,-0.001026134442678392
104,2017-06-23,-0.00024092021617253275,-0.00024092021617253275
105,2017-06-26,0.0017593343509315165,0.0017593343509315165
106,2017-06-27,-0.005182033890369527,-0.005182033890369527
107,2017-06-28,0.006869075183355107,0.006869075183355107
108,2017-06-29,-0.00818717293552938,-0.00818717293552938
109,2017-06-30,0.004818755517147163,0.004818755517147163
110,2017-07-03,0.0031438682270067395,0.0031438682270067395
111,2017-07-05,0.0005079536522647313,0.0005079536522647313
112,2017-07-06,-0.008036028195651863,-0.008036028195651863
113,2017-07-07,0.004284224145175691,0.004284224145175691
114,2017-07-10,-0.0013794191152223976,-0.0013794191152223976
115,2017-07-11,-0.0005903768078616307,-0.0005903768078616307
116,2017-07-12,0.005893237436398011,0.005893237436398011
117,2017-07-13,0.0020296054644056874,0.0020296054644056874
118,2017-07-14,0.004824111707965198,0.004824111707965198
119,2017-07-17,-0.000355998995318,-0.000355998995318
120,2017-07-18,-0.001491977439313658,-0.001491977439313658
121,2017-07-19,0.0035985073611808564,0.0035985073611808564
122,2017-07-20,-0.0003890614642924904,-0.0003890614642924904
123,2017-07-21,-0.0006922271513571164,-0.0006922271513571164
124,2017-07-24,-0.0013754229874893816,-0.0013754229874893816
125,2017-07-25,0.007414204106344883,0.007414204106344883
126,2017-07-26,0.0005932711661017205,0.0005932711661017205
127,2017-07-27,0.004044535584447317,0.004044535584447317
128,2017-07-28,0.002809420876222379,0.002809420876222379
129,2017-07-31,0.0029642479608927314,0.0029642479608927314
130,2017-08-01,0.004573313879998784,0.004573313879998784
131,2017-08-02,0.0007772011708108865,0.0007772011708108865
132,2017-08-03,0.0008138287765151824,0.0008138287765151824
133,2017-08-04,0.0017028471214709127,0.0017028471214709127
134,2017-08-07,0.0013040807007916966,0.0013040807007916966
135,2017-08-08,-0.001206014585252892,-0.001206014585252892
136,2017-08-09,-0.0006052145691954161,-0.0006052145691954161
137,2017-08-10,-0.010243902858204113,-0.010243902858204113
138,2017-08-11,0.0010334203795335517,0.0010334203795335517
139,2017-08-14,0.007284832738134894,0.007284832738134894
140,2017-08-15,-0.0009555998481156742,-0.0009555998481156742
141,2017-08-16,0.002347200329664803,0.002347200329664803
142,2017-08-17,-0.012841442595105383,-0.012841442595105383
143,2017-08-18,-0.004947409358313418,-0.004947409358313418
144,2017-08-21,0.002115228706046838,0.002115228706046838
145,2017-08-22,0.008001317328451486,0.008001317328451486
146,2017-08-23,-0.004036551559783021,-0.004036551559783021
147,2017-08-24,-0.0005806507966698725,-0.0005806507966698725
148,2017-08-25,0.0026107535560313823,0.0026107535560313823
149,2017-08-28,-0.0005067387496196921,-0.0005067387496196921
150,2017-08-29,0.000949101306867293,0.000949101306867293
151,2017-08-30,0.0014822834967933999,0.0014822834967933999
152,2017-08-31,0.0021628633777786904,0.0021628633777786904
153,2017-09-01,0.0016525351035409494,0.0016525351035409494
154,2017-09-05,-0.005749778259731479,-0.005749778259731479
155,2017-09-06,0.003738804873704435,0.003738804873704435
156,2017-09-07,-0.0010924717161544572,-0.0010924717161544572
157,2017-09-08,-0.00021896104298927733,-0.00021896104298927733
158,2017-09-11,0.011908484947156916,0.011908484947156916
159,2017-09-12,0.0028177764823964667,0.0028177764823964667
160,2017-09-13,0.0006930579958065986,0.0006930579958065986
161,2017-09-14,-0.0011718673489390739,-0.0011718673489390739
162,2017-09-15,0.0035733947940371088,0.0035733947940371088
163,2017-09-18,0.0011050384046049676,0.0011050384046049676
164,2017-09-19,0.001834557144358892,0.001834557144358892
165,2017-09-20,0.001050204999446172,0.001050204999446172
166,2017-09-21,-0.0026703578035825615,-0.0026703578035825615
167,2017-09-22,0.0007835647157426536,0.0007835647157426536
168,2017-09-25,-0.002116136217012345,-0.002116136217012345
169,2017-09-26,-0.0007060006364877431,-0.0007060006364877431
170,2017-09-27,-0.0003789146266572576,-0.0003789146266572576
171,2017-09-28,0.0015273603023076942,0.0015273603023076942
172,2017-09-29,0.0013266064488494326,0.0013266064488494326
173,2017-10-02,0.005080620737153725,0.005080620737153725
174,2017-10-03,0.004062517563666487,0.004062517563666487
175,2017-10-04,0.0005446243002116674,0.0005446243002116674
176,2017-10-05,0.003937933675412301,0.003937933675412301
177,2017-10-06,-0.0015588364030413367,-0.0015588364030413367
178,2017-10-09,-0.0006285049465631009,-0.0006285049465631009
179,2017-10-10,0.0030863141321662325,0.0030863141321662325
180,2017-10-11,0.0008207222621835846,0.0008207222621835846
181,2017-10-12,-0.001231411054339159,-0.001231411054339159
182,2017-10-13,0.0017102670211269523,0.0017102670211269523
183,2017-10-16,0.00290551308355571,0.00290551308355571
184,2017-10-17,0.00211422100321076,0.00211422100321076
185,2017-10-18,0.0048261537922372495,0.0048261537922372495
186,2017-10-19,0.0010662790671602373,0.0010662790671602373
187,2017-10-20,0.005511952966001021,0.005511952966001021
188,2017-10-23,-0.0009679209857676239,-0.0009679209857676239
189,2017-10-24,0.003832665410045467,0.003832665410045467
190,2017-10-25,-0.001672295125455231,-0.001672295125455231
191,2017-10-26,0.0025703359663781762,0.0025703359663781762
192,2017-10-27,0.0004469209009613362,0.0004469209009613362
193,2017-10-30,-0.0045119744102747545,-0.0045119744102747545
194,2017-10-31,0.0020977966212253653,0.0020977966212253653
195,2017-11-01,0.003368306596970873,0.003368306596970873
196,2017-11-02,0.0013353926602503404,0.0013353926602503404
197,2017-11-03,0.0018737939746321611,0.0018737939746321611
198,2017-11-06,-0.0006574718142655497,-0.0006574718142655497
199,2017-11-07,0.002004760937828284,0.002004760937828284
200,2017-11-08,0.0024647572496596087,0.0024647572496596087
201,2017-11-09,-0.0032243070049055847,-0.0032243070049055847
202,2017-11-10,0.00047351351093024706,0.00047351351093024706
203,2017-11-13,0.0007509960340509946,0.0007509960340509946
204,2017-11-14,0.00023953524169138167,0.00023953524169138167
205,2017-11-15,-0.005778201507249456,-0.005778201507249456
206,2017-11-16,0.011028183045465309,0.011028183045465309
207,2017-11-17,-0.0034059397502795804,-0.0034059397502795804
208,2017-11-20,0.0022177249803200356,0.0022177249803200356
209,2017-11-21,0.006136591269500637,0.006136591269500637
210,2017-11-22,-0.002143876786472582,-0.002143876786472582
211,2017-11-24,0.0008255152476283757,0.0008255152476283757
212,2017-11-27,0.001358807899782366,0.001358807899782366
213,2017-11-28,0.011133817311896214,0.011133817311896214
214,2017-11-29,0.002256317416684235,0.002256317416684235
215,2017-11-30,0.010729768050238462,0.010729768050238462
216,2017-12-01,-0.00015338343355258144,-0.00015338343355258144
217,2017-12-04,0.0015668118269153977,0.0015668118269153977
218,2017-12-05,-0.004200083479106028,-0.004200083479106028
219,2017-12-06,-0.0016263348057879725,-0.0016263348057879725
220,2017-12-07,-9.98766515026886e-05,-9.98766515026886e-05
221,2017-12-08,0.0049872814108107184,0.0049872814108107184
222,2017-12-11,0.003923236044528373,0.003923236044528373
223,2017-12-12,0.003053745277382189,0.003053745277382189
224,2017-12-13,0.003844189070555805,0.003844189070555805
225,2017-12-14,-0.004283525589782823,-0.004283525589782823
226,2017-12-15,0.007510102188423801,0.007510102188423801
227,2017-12-18,0.0046902350681179246,0.0046902350681179246
228,2017-12-19,-0.0007870820552995218,-0.0007870820552995218
229,2017-12-20,-0.0006308367395854087,-0.0006308367395854087
230,2017-12-21,0.0015390554980303063,0.0015390554980303063
231,2017-12-22,-0.0017254728316192674,-0.0017254728316192674
232,2017-12-26,0.0007528294655958797,0.0007528294655958797
233,2017-12-27,0.0006947577668846334,0.0006947577668846334
234,2017-12-28,0.0017651383442219282,0.0017651383442219282
235,2017-12-29,-0.004439185725610783,-0.004439185725610783
236,2018-01-02,0.005551318098468577,0.005551318098468577
237,2018-01-03,0.0021920363817674988,0.0021920363817674988
238,2018-01-04,0.0034875171568529225,0.0034875171568529225
239,2018-01-05,0.00681299433793826,0.00681299433793826
240,2018-01-08,0.0006319556094479342,0.0006319556094479342
241,2018-01-09,0.0010333888979533966,0.0010333888979533966
242,2018-01-10,-0.0006061438493844915,-0.0006061438493844915
243,2018-01-11,0.0069308539796007484,0.0069308539796007484
244,2018-01-12,0.008215950201338494,0.008215950201338494
245,2018-01-16,-0.00039593569468324245,-0.00039593569468324245
246,2018-01-17,0.010573166981636167,0.010573166981636167
247,2018-01-18,-0.0013072529094607095,-0.0013072529094607095
248,2018-01-19,0.0036184870454036206,0.0036184870454036206
249,2018-01-22,0.0071363875153309395,0.0071363875153309395
250,2018-01-23,0.0008561762241905064,0.0008561762241905064
251,2018-01-24,0.001579924854471859,0.001579924854471859
252,2018-01-25,0.002715978843651309,0.002715978843651309
253,2018-01-26,0.012361285870217086,0.012361285870217086
254,2018-01-29,-0.005685493778008738,-0.005685493778008738
255,2018-01-30,-0.014373260650891227,-0.014373260650891227
256,2018-01-31,-0.0013685731103029617,-0.0013685731103029617
257,2018-02-01,0.0007874443915878296,0.0007874443915878296
258,2018-02-02,-0.021964736539028595,-0.021964736539028595
259,2018-02-05,-0.042589780309678124,-0.042589780309678124
260,2018-02-06,0.018640316597273,0.018640316597273
261,2018-02-07,-0.0006400944801650687,-0.0006400944801650687
262,2018-02-08,-0.03932315740442497,-0.03932315740442497
263,2018-02-09,0.014925489387013477,0.014925489387013477
264,2018-02-12,0.013115531169533989,0.013115531169533989
265,2018-02-13,0.0014704310860940686,0.0014704310860940686
266,2018-02-14,0.009573304115928194,0.009573304115928194
267,2018-02-15,0.01284927293179613,0.01284927293179613
268,2018-02-16,0.001813293747874482,0.001813293747874482
269,2018-02-20,-0.010244393728594457,-0.010244393728594457
270,2018-02-21,-0.008544928485375717,-0.008544928485375717
271,2018-02-22,0.0029699624320005612,0.0029699624320005612
272,2018-02-23,0.015074203509248565,0.015074203509248565
273,2018-02-26,0.013805309980282704,0.013805309980282704
274,2018-02-27,-0.012836262333030231,-0.012836262333030231
275,2018-02-28,-0.013540264695198662,-0.013540264695198662
276,2018-03-01,-0.010637426140483656,-0.010637426140483656
277,2018-03-02,0.00027189419466334123,0.00027189419466334123
278,2018-03-05,0.010796218581310668,0.010796218581310668
279,2018-03-06,0.0011126139795462147,0.0011126139795462147
280,2018-03-07,-0.0028514352162311916,-0.0028514352162311916
281,2018-03-08,0.0038630727126025923,0.0038630727126025923
282,2018-03-09,0.01701116889057374,0.01701116889057374
283,2018-03-12,-0.004856807498289813,-0.004856807498289813
284,2018-03-13,-0.0048463227231828,-0.0048463227231828
285,2018-03-14,-0.006859587118297184,-0.006859587118297184
286,2018-03-15,0.0022530861364813645,0.0022530861364813645
287,2018-03-16,0.00279070860626198,0.00279070860626198
288,2018-03-19,-0.013080554944478281,-0.013080554944478281
289,2018-03-20,0.003353711799650852,0.003353711799650852
290,2018-03-21,-0.0021349505649870103,-0.0021349505649870103
291,2018-03-22,-0.02365200167974934,-0.02365200167974934
292,2018-03-23,-0.017732812995896685,-0.017732812995896685
293,2018-03-26,0.027694205407553567,0.027694205407553567
294,2018-03-27,-0.014006207808792049,-0.014006207808792049
295,2018-03-28,0.00048532722887873424,0.00048532722887873424
296,2018-03-29,0.009732330083273741,0.009732330083273741
297,2018-04-02,-0.0214131913101245,-0.0214131913101245
298,2018-04-03,0.014294798634794038,0.014294798634794038
299,2018-04-04,0.012212013850110563,0.012212013850110563
300,2018-04-05,0.00719507706224447,0.00719507706224447
301,2018-04-06,-0.021327057584708257,-0.021327057584708257
302,2018-04-09,0.003118245322056351,0.003118245322056351
303,2018-04-10,0.01545316708916548,0.01545316708916548
304,2018-04-11,-0.006301657548025442,-0.006301657548025442
305,2018-04-12,0.008877183734704778,0.008877183734704778
306,2018-04-13,-0.00329395504252019,-0.00329395504252019
307,2018-04-16,0.008206421388490027,0.008206421388490027
308,2018-04-17,0.00983265239535269,0.00983265239535269
309,2018-04-18,-0.0012979655425324882,-0.0012979655425324882
310,2018-04-19,-0.00400537560690072,-0.00400537560690072
311,2018-04-20,-0.007361663153369727,-0.007361663153369727
312,2018-04-23,0.0008469479637299871,0.0008469479637299871
313,2018-04-24,-0.012237590679895813,-0.012237590679895813
314,2018-04-25,0.001068062836259934,0.001068062836259934
315,2018-04-26,0.010581210660789526,0.010581210660789526
316,2018-04-27,0.002407954089587522,0.002407954089587522
317,2018-04-30,-0.005368770567047004,-0.005368770567047004
318,2018-05-01,-0.002208652147421373,-0.002208652147421373
319,2018-05-02,-0.00869997086628862,-0.00869997086628862
320,2018-05-03,-0.0014916678783026796,-0.0014916678783026796
321,2018-05-04,0.01306247921421003,0.01306247921421003
322,2018-05-07,0.0009310624926925323,0.0009310624926925323
323,2018-05-08,0.00016828349967208976,0.00016828349967208976
324,2018-05-09,0.0045768740304595965,0.0045768740304595965
325,2018-05-10,0.007680310948895495,0.007680310948895495
326,2018-05-11,0.005051196842629441,0.005051196842629441
327,2018-05-14,0.0012805952365513651,0.0012805952365513651
328,2018-05-15,-0.006516668960880792,-0.006516668960880792
329,2018-05-16,0.004190967044053907,0.004190967044053907
330,2018-05-17,-0.0038749413243498888,-0.0038749413243498888
331,2018-05-18,-0.0017171606287130253,-0.0017171606287130253
332,2018-05-21,0.008385369590866049,0.008385369590866049
333,2018-05-22,-0.0039988952751038144,-0.0039988952751038144
334,2018-05-23,0.0025544663535554454,0.0025544663535554454
335,2018-05-24,-0.0026962239922961716,-0.0026962239922961716
336,2018-05-25,-0.0021303968009923012,-0.0021303968009923012
337,2018-05-29,-0.012906350451026212,-0.012906350451026212
338,2018-05-30,0.012465052265996694,0.012465052265996694
339,2018-05-31,-0.009517054667930274,-0.009517054667930274
340,2018-06-01,0.008774595139700645,0.008774595139700645
341,2018-06-04,0.007835752358923871,0.007835752358923871
342,2018-06-05,-0.001592904588889721,-0.001592904588889721
343,2018-06-06,0.010543671619983517,0.010543671619983517
344,2018-06-07,0.0038677373715398943,0.0038677373715398943
345,2018-06-08,0.0027740039820253123,0.0027740039820253123
346,2018-06-11,0.00016308167567006632,0.00016308167567006632
347,2018-06-12,0.0006058137259582769,0.0006058137259582769
348,2018-06-13,-0.0026918067498651085,-0.0026918067498651085
349,2018-06-14,0.00048773936218423557,0.00048773936218423557
350,2018-06-15,-0.0012264557073097123,-0.0012264557073097123
351,2018-06-18,-0.005581977894762485,-0.005581977894762485
352,2018-06-19,-0.0055666948888060475,-0.0055666948888060475
353,2018-06-20,-0.0005420155370362192,-0.0005420155370362192
354,2018-06-21,-0.006722907116574821,-0.006722907116574821
355,2018-06-22,0.002980609090596274,0.002980609090596274
356,2018-06-25,-0.009774146475471448,-0.009774146475471448
357,2018-06-26,4.987139045780655e-05,4.987139045780655e-05
358,2018-06-27,-0.0068909099680600746,-0.0068909099680600746
359,2018-06-28,0.0027420443998078694,0.0027420443998078694
360,2018-06-29,0.004484086490673811,0.004484086490673811
361,2018-07-02,0.0017294160074067554,0.0017294160074067554
362,2018-07-03,-0.004512349377029919,-0.004512349377029919
363,2018-07-05,0.00801856779569661,0.00801856779569661
364,2018-07-06,0.0048233941079756796,0.0048233941079756796
365,2018-07-09,0.010072582972629538,0.010072582972629538
366,2018-07-10,0.0056518765365586865,0.0056518765365586865
367,2018-07-11,-0.006597850765307875,-0.006597850765307875
368,2018-07-12,0.00875403182645535,0.00875403182645535
369,2018-07-13,0.0018607676734346827,0.0018607676734346827
370,2018-07-16,0.0010022800352362752,0.0010022800352362752
371,2018-07-17,0.0029112670385082803,0.0029112670385082803
372,2018-07-18,0.001571918530260853,0.001571918530260853
373,2018-07-19,-0.004939021372971306,-0.004939021372971306
374,2018-07-20,0.0016902650684922534,0.0016902650684922534
375,2018-07-23,0.0003528434429880404,0.0003528434429880404
376,2018-07-24,0.004909419794769622,0.004909419794769622
377,2018-07-25,0.008795833614787982,0.008795833614787982
378,2018-07-26,0.0034315517152771107,0.0034315517152771107
379,2018-07-27,-0.003966397001030679,-0.003966397001030679
380,2018-07-30,-0.004349038846727243,-0.004349038846727243
381,2018-07-31,0.003153876693278552,0.003153876693278552
382,2018-08-01,-0.0034218682123843772,-0.0034218682123843772
383,2018-08-02,0.0020395469810805932,0.0020395469810805932
384,2018-08-03,0.0055317835279015985,0.0055317835279015985
385,2018-08-06,0.002175760493301562,0.002175760493301562
386,2018-08-07,0.004774130825892836,0.004774130825892836
387,2018-08-08,-0.0018610848333503712,-0.0018610848333503712
388,2018-08-09,-0.002822874735220759,-0.002822874735220759
389,2018-08-10,-0.005263836955475002,-0.005263836955475002
390,2018-08-13,-0.004211161985550391,-0.004211161985550391
391,2018-08-14,0.0049688207749194755,0.0049688207749194755
392,2018-08-15,-0.0039039360974094392,-0.0039039360974094392
393,2018-08-16,0.014610343515125516,0.014610343515125516
394,2018-08-17,0.003346906950896734,0.003346906950896734
395,2018-08-20,0.0022362118594083614,0.0022362118594083614
396,2018-08-21,0.001880173512911218,0.001880173512911218
397,2018-08-22,-0.0028160943374933075,-0.0028160943374933075
398,2018-08-23,-0.0011368594964294694,-0.0011368594964294694
399,2018-08-24,0.004604173245896559,0.004604173245896559
400,2018-08-27,0.007371348463405715,0.007371348463405715
401,2018-08-28,0.0016367014470521112,0.0016367014470521112
402,2018-08-29,0.0025053840422173635,0.0025053840422173635
403,2018-08-30,-0.005050145934795394,-0.005050145934795394
404,2018-08-31,-8.220965341449376e-05,-8.220965341449376e-05
405,2018-09-04,-0.002187015967252541,-0.002187015967252541
406,2018-09-05,0.0006867028014828369,0.0006867028014828369
407,2018-09-06,0.0006885032065458243,0.0006885032065458243
408,2018-09-07,-0.0029016582014308344,-0.0029016582014308344
409,2018-09-10,0.0022234964171459126,0.0022234964171459126
410,2018-09-11,0.0019933416442537853,0.0019933416442537853
411,2018-09-12,0.0017974477083287496,0.0017974477083287496
412,2018-09-13,0.005642485726443298,0.005642485726443298
413,2018-09-14,-0.0014941989247755042,-0.0014941989247755042
414,2018-09-17,-0.0021000740877529446,-0.0021000740877529446
415,2018-09-18,0.005909525605750214,0.005909525605750214
416,2018-09-19,0.0027326177933254276,0.0027326177933254276
417,2018-09-20,0.010084143697212876,0.010084143697212876
418,2018-09-21,0.0032413815824334506,0.0032413815824334506
419,2018-09-24,-0.005396512312397093,-0.005396512312397093
420,2018-09-25,-0.0021142093602472905,-0.0021142093602472905
421,2018-09-26,-0.0027466473340893942,-0.0027466473340893942
422,2018-09-27,0.0024532007198904433,0.0024532007198904433
423,2018-09-28,0.0008342344934624079,0.0008342344934624079
424,2018-10-01,0.004517845367463809,0.004517845367463809
425,2018-10-02,0.0034902452360732763,0.0034902452360732763
426,2018-10-03,-5.8268662174601926e-05,-5.8268662174601926e-05
427,2018-10-04,-0.007420139884195871,-0.007420139884195871
428,2018-10-05,-0.0056149453154169535,-0.0056149453154169535
429,2018-10-08,0.0015500791700786285,0.0015500791700786285
430,2018-10-09,-0.0005044092379684285,-0.0005044092379684285
431,2018-10-10,-0.029143796595177088,-0.029143796595177088
432,2018-10-11,-0.020356929093014797,-0.020356929093014797
433,2018-10-12,0.013572622695782357,0.013572622695782357
434,2018-10-15,-0.004418566788504208,-0.004418566788504208
435,2018-10-16,0.020618778022349724,0.020618778022349724
436,2018-10-17,-0.0014280863486860616,-0.0014280863486860616
437,2018-10-18,-0.011677575568513694,-0.011677575568513694
438,2018-10-19,0.0034749232179276737,0.0034749232179276737
439,2018-10-22,-0.0028023356131298307,-0.0028023356131298307
440,2018-10-23,-0.004319768003137318,-0.004319768003137318
441,2018-10-24,-0.02359471659341341,-0.02359471659341341
442,2018-10-25,0.015108030486678161,0.015108030486678161
443,2018-10-26,-0.010626079876316398,-0.010626079876316398
444,2018-10-29,-0.0043934946341892735,-0.0043934946341892735
445,2018-10-30,0.017290177816474243,0.017290177816474243
446,2018-10-31,0.0075922111852926785,0.0075922111852926785
447,2018-11-01,0.0064062056973448874,0.0064062056973448874
448,2018-11-02,-0.0028828015528665272,-0.0028828015528665272
449,2018-11-05,0.010390996095451339,0.010390996095451339
450,2018-11-06,0.005189933283859506,0.005189933283859506
451,2018-11-07,0.020215937936004014,0.020215937936004014
452,2018-11-08,0.0010065873334080956,0.0010065873334080956
453,2018-11-09,-0.00683949716986308,-0.00683949716986308
454,2018-11-12,-0.019436286021670374,-0.019436286021670374
455,2018-11-13,-0.001348535120882729,-0.001348535120882729
456,2018-11-14,-0.007197682294608236,-0.007197682294608236
457,2018-11-15,0.00889393970679638,0.00889393970679638
458,2018-11-16,0.004959341031757749,0.004959341031757749
459,2018-11-19,-0.012890921719439048,-0.012890921719439048
460,2018-11-20,-0.02043026143814963,-0.02043026143814963
461,2018-11-21,0.0006151416292985284,0.0006151416292985284
462,2018-11-23,-0.006614904254135621,-0.006614904254135621
463,2018-11-26,0.013887981814845938,0.013887981814845938
464,2018-11-27,0.006429595814381072,0.006429595814381072
465,2018-11-28,0.023865204954293198,0.023865204954293198
466,2018-11-29,-0.0025089318233181396,-0.0025089318233181396
467,2018-11-30,0.010127018966275369,0.010127018966275369
468,2018-12-03,0.006769878369351481,0.006769878369351481
469,2018-12-04,-0.028290645448737887,-0.028290645448737887
470,2018-12-06,3.243501650073636e-05,3.243501650073636e-05
471,2018-12-07,-0.021975120433215208,-0.021975120433215208
472,2018-12-10,0.002536286147611657,0.002536286147611657
473,2018-12-11,-0.000266729014043292,-0.000266729014043292
474,2018-12-12,0.00540065019073029,0.00540065019073029
475,2018-12-13,0.0030501491622861123,0.0030501491622861123
476,2018-12-14,-0.018502979032814813,-0.018502979032814813
477,2018-12-17,-0.020986749492146482,-0.020986749492146482
478,2018-12-18,0.0016540327266365256,0.0016540327266365256
479,2018-12-19,-0.013249508353253187,-0.013249508353253187
480,2018-12-20,-0.018078427502502895,-0.018078427502502895
481,2018-12-21,-0.014830906356852747,-0.014830906356852747
482,2018-12-24,-0.027495981495515777,-0.027495981495515777
483,2018-12-26,0.048050671545270346,0.048050671545270346
484,2018-12-27,0.012292563596195745,0.012292563596195745
485,2018-12-28,-0.0025608233370014643,-0.0025608233370014643
486,2018-12-31,0.01099153239817342,0.01099153239817342
487,2019-01-02,-0.001500210627801448,-0.001500210627801448
488,2019-01-03,-0.023346246429186958,-0.023346246429186958
489,2019-01-04,0.03127988672698409,0.03127988672698409
490,2019-01-07,0.0055466037359439,0.0055466037359439
491,2019-01-08,0.008709772613458311,0.008709772613458311
492,2019-01-09,0.002136879663394932,0.002136879663394932
493,2019-01-10,0.0045740709327384095,0.0045740709327384095
494,2019-01-11,-0.0004120631212468934,-0.0004120631212468934
495,2019-01-14,-0.004565088192951072,-0.004565088192951072
496,2019-01-15,0.007314299258735344,0.007314299258735344
497,2019-01-16,0.0022930381129969792,0.0022930381129969792
498,2019-01-17,0.005452685056825338,0.005452685056825338
499,2019-01-18,0.01268273026753423,0.01268273026753423
500,2019-01-22,-0.010267345036143691,-0.010267345036143691
501,2019-01-23,0.006326412057488425,0.006326412057488425
502,2019-01-24,-0.0004901259791908009,-0.0004901259791908009
503,2019-01-25,0.003491577187468069,0.003491577187468069
504,2019-01-28,-0.008780848217567097,-0.008780848217567097
505,2019-01-29,-0.0005864096346001925,-0.0005864096346001925
506,2019-01-30,0.011252413039054476,0.011252413039054476
507,2019-01-31,0.0038460386042617964,0.0038460386042617964
508,2019-02-01,0.0035143181541983566,0.0035143181541983566
509,2019-02-04,0.006894460073687128,0.006894460073687128
510,2019-02-05,0.004621347280071331,0.004621347280071331
511,2019-02-06,-0.001181074744977413,-0.001181074744977413
512,2019-02-07,-0.0075804888655287206,-0.0075804888655287206
513,2019-02-08,-0.0008703612034798246,-0.0008703612034798246
514,2019-02-11,-0.0005284960991605318,-0.0005284960991605318
515,2019-02-12,0.013103635828286423,0.013103635828286423
516,2019-02-13,0.004611110776387161,0.004611110776387161
517,2019-02-14,-0.0053613222659385715,-0.0053613222659385715
518,2019-02-15,0.014495800758450982,0.014495800758450982
519,2019-02-19,0.0009311340119145855,0.0009311340119145855
520,2019-02-20,0.0003296208143105015,0.0003296208143105015
521,2019-02-21,-0.0017582227467472051,-0.0017582227467472051
522,2019-02-22,0.0062984316709540295,0.0062984316709540295
523,2019-02-25,0.001874224349266203,0.001874224349266203
524,2019-02-26,-9.885729252869404e-05,-9.885729252869404e-05
525,2019-02-27,-0.001947256601411676,-0.001947256601411676
526,2019-02-28,-0.0010102967930287563,-0.0010102967930287563
527,2019-03-01,0.0031023322527264615,0.0031023322527264615
528,2019-03-04,-0.006873369332836534,-0.006873369332836534
529,2019-03-05,-0.0008011830741940162,-0.0008011830741940162
530,2019-03-06,-0.004668250305756797,-0.004668250305756797
531,2019-03-07,-0.007688588237692886,-0.007688588237692886
532,2019-03-08,-0.0016445507581941464,-0.0016445507581941464
533,2019-03-11,0.012366907701392107,0.012366907701392107
534,2019-03-12,0.0009958308376782016,0.0009958308376782016
535,2019-03-13,0.005547866947493172,0.005547866947493172
536,2019-03-14,0.0007188943056792056,0.0007188943056792056
537,2019-03-15,0.005715008993183972,0.005715008993183972
538,2019-03-18,0.0029701898280562375,0.0029701898280562375
539,2019-03-19,-0.0010593121359483097,-0.0010593121359483097
540,2019-03-20,-0.005122617652736111,-0.005122617652736111
541,2019-03-21,0.009364038483567786,0.009364038483567786
542,2019-03-22,-0.015554613110592372,-0.015554613110592372
543,2019-03-25,-0.0005273129053321007,-0.0005273129053321007
544,2019-03-26,0.006404949695804302,0.006404949695804302
545,2019-03-27,-0.002880334889521217,-0.002880334889521217
546,2019-03-28,0.0031017563226348943,0.0031017563226348943
547,2019-03-29,0.00707503017863891,0.00707503017863891
548,2019-04-01,0.01054215654211961,0.01054215654211961
549,2019-04-02,-0.005776526387506572,-0.005776526387506572
550,2019-04-03,0.0023626711557654797,0.0023626711557654797
551,2019-04-04,0.00212722909562478,0.00212722909562478
552,2019-04-05,0.002997926856045557,0.002997926856045557
553,2019-04-08,-7.00497424875868e-05,-7.00497424875868e-05
554,2019-04-09,-0.005968579691219784,-0.005968579691219784
555,2019-04-10,0.0024455688238386587,0.0024455688238386587
556,2019-04-11,-7.290341434874773e-05,-7.290341434874773e-05
557,2019-04-12,0.009605176060799723,0.009605176060799723
558,2019-04-15,0.0005132490055665476,0.0005132490055665476
559,2019-04-16,0.0020287988396673643,0.0020287988396673643
560,2019-04-17,-0.001267975159886296,-0.001267975159886296
561,2019-04-18,0.0042300840071109935,0.0042300840071109935
562,2019-04-22,-0.0019048334914300784,-0.0019048334914300784
563,2019-04-23,0.005889205837107034,0.005889205837107034
564,2019-04-24,-0.0014752615776198927,-0.0014752615776198927
565,2019-04-25,-0.00281010860189769,-0.00281010860189769
566,2019-04-26,0.002361933682127934,0.002361933682127934
567,2019-04-29,0.00016261867964505915,0.00016261867964505915
568,2019-04-30,0.003044134296522785,0.003044134296522785
569,2019-05-01,-0.008401329999015671,-0.008401329999015671
570,2019-05-02,-0.0026030550256273236,-0.0026030550256273236
571,2019-05-03,0.0077349725475093205,0.0077349725475093205
572,2019-05-06,-0.0026547541272483456,-0.0026547541272483456
573,2019-05-07,-0.015488276472549085,-0.015488276472549085
574,2019-05-08,-0.0012842973279192623,-0.0012842973279192623
575,2019-05-09,-0.00439233192102418,-0.00439233192102418
576,2019-05-10,0.0060228045194272994,0.0060228045194272994
577,2019-05-13,-0.021135399672277885,-0.021135399672277885
578,2019-05-14,0.008194561743428273,0.008194561743428273
579,2019-05-15,0.004081548641993089,0.004081548641993089
580,2019-05-16,0.00880315462693392,0.00880315462693392
581,2019-05-17,-0.0039725686790330755,-0.0039725686790330755
582,2019-05-20,-0.003198599878251102,-0.003198599878251102
583,2019-05-21,0.005427839693067087,0.005427839693067087
584,2019-05-22,-0.0009134389471919241,-0.0009134389471919241
585,2019-05-23,-0.00891930233509138,-0.00891930233509138
586,2019-05-24,0.0026639499162924452,0.0026639499162924452
587,2019-05-28,-0.00855076031832909,-0.00855076031832909
588,2019-05-29,-0.008294199111638657,-0.008294199111638657
589,2019-05-30,0.0024709073724538894,0.0024709073724538894
590,2019-05-31,-0.013424689771847954,-0.013424689771847954
591,2019-06-03,0.0025101686749677255,0.0025101686749677255
592,2019-06-04,0.018970903481505225,0.018970903481505225
593,2019-06-05,0.009351131420100429,0.009351131420100429
594,2019-06-06,0.00673784573986916,0.00673784573986916
595,2019-06-07,0.009884995523676911,0.009884995523676911
596,2019-06-10,0.0015257884304623168,0.0015257884304623168
597,2019-06-11,0.0014049656092111483,0.0014049656092111483
598,2019-06-12,-0.0006585935373717891,-0.0006585935373717891
599,2019-06-13,0.004225692331690265,0.004225692331690265
600,2019-06-14,-0.0006658554945052597,-0.0006658554945052597
601,2019-06-17,0.00021431581611482017,0.00021431581611482017
602,2019-06-18,0.010182012437739925,0.010182012437739925
603,2019-06-19,0.003029190353746555,0.003029190353746555
604,2019-06-20,0.008294134328372825,0.008294134328372825
605,2019-06-21,-0.000998844259553142,-0.000998844259553142
606,2019-06-24,-0.001241254536720055,-0.001241254536720055
607,2019-06-25,-0.005998402201824875,-0.005998402201824875
608,2019-06-26,-0.0018166479487415003,-0.0018166479487415003
609,2019-06-27,0.0013278296352724108,0.0013278296352724108
610,2019-06-28,0.0027802202403203165,0.0027802202403203165
611,2019-07-01,0.0064718803777603275,0.0064718803777603275
612,2019-07-02,0.003777828465417252,0.003777828465417252
613,2019-07-03,0.007323091302553322,0.007323091302553322
614,2019-07-05,-0.002824349553037289,-0.002824349553037289
615,2019-07-08,-0.0033060831075792346,-0.0033060831075792346
616,2019-07-09,-0.0011616458849535694,-0.0011616458849535694
617,2019-07-10,0.003336949817075172,0.003336949817075172
618,2019-07-11,0.004566780296900061,0.004566780296900061
619,2019-07-12,0.0063986676390793955,0.0063986676390793955
620,2019-07-15,0.0018698370154660508,0.0018698370154660508
621,2019-07-16,-0.0022970533264999125,-0.0022970533264999125
622,2019-07-17,-0.006020551349533277,-0.006020551349533277
623,2019-07-18,0.0036638884012770746,0.0036638884012770746
624,2019-07-19,-0.005777952770189138,-0.005777952770189138
625,2019-07-22,0.00031849719898660795,0.00031849719898660795
626,2019-07-23,0.005840159751595184,0.005840159751595184
627,2019-07-24,0.00020766301222416726,0.00020766301222416726
628,2019-07-25,-0.0024900119885600145,-0.0024900119885600145
629,2019-07-26,0.0029953500230161514,0.0029953500230161514
630,2019-07-29,0.002263338818844062,0.002263338818844062
631,2019-07-30,-0.0016548875082120689,-0.0016548875082120689
632,2019-07-31,-0.010676424984458125,-0.010676424984458125
633,2019-08-01,-0.009255188896839399,-0.009255188896839399
634,2019-08-02,-0.004761074095103196,-0.004761074095103196
635,2019-08-05,-0.027054648453695047,-0.027054648453695047
636,2019-08-06,0.011497853213731911,0.011497853213731911
637,2019-08-07,-0.0010995812789562224,-0.0010995812789562224
638,2019-08-08,0.013618419697870318,0.013618419697870318
639,2019-08-09,-0.002234687919944963,-0.002234687919944963
640,2019-08-12,-0.011107971821540639,-0.011107971821540639
641,2019-08-13,0.014926385777230607,0.014926385777230607
642,2019-08-14,-0.02770173052300224,-0.02770173052300224
643,2019-08-15,0.0024587541305584213,0.0024587541305584213
644,2019-08-16,0.012046619315540314,0.012046619315540314
645,2019-08-19,0.009050907127062134,0.009050907127062134
646,2019-08-20,-0.006552115379895547,-0.006552115379895547
647,2019-08-21,0.008309598867288628,0.008309598867288628
648,2019-08-22,0.0003362079742297777,0.0003362079742297777
649,2019-08-23,-0.023086847351615522,-0.023086847351615522
650,2019-08-26,0.011383918568901367,0.011383918568901367
651,2019-08-27,-0.0019125720780883764,-0.0019125720780883764
652,2019-08-28,0.007648482222747956,0.007648482222747956
653,2019-08-29,0.012178243382771322,0.012178243382771322
654,2019-08-30,0.0014177560895580884,0.0014177560895580884
655,2019-09-03,-0.008560709651952846,-0.008560709651952846
656,2019-09-04,0.010266665020704165,0.010266665020704165
657,2019-09-05,0.012475965825065964,0.012475965825065964
658,2019-09-06,0.0020935705836771018,0.0020935705836771018
659,2019-09-09,0.00018231004875030488,0.00018231004875030488
660,2019-09-10,-0.000421764518221999,-0.000421764518221999
661,2019-09-11,0.006910105568349253,0.006910105568349253
662,2019-09-12,0.001537805255041194,0.001537805255041194
663,2019-09-13,-0.0006677318875828236,-0.0006677318875828236
664,2019-09-16,-0.006318011821497331,-0.006318011821497331
665,2019-09-17,0.0018713767357723314,0.0018713767357723314
666,2019-09-18,0.00123720611516092,0.00123720611516092
667,2019-09-19,-0.0014647292436973385,-0.0014647292436973385
668,2019-09-20,-0.002857190257895815,-0.002857190257895815
669,2019-09-23,0.0010660525606298365,0.0010660525606298365
670,2019-09-24,-0.005567305586513318,-0.005567305586513318
671,2019-09-25,0.005578950724884377,0.005578950724884377
672,2019-09-26,-0.0025676262306029533,-0.0025676262306029533
673,2019-09-27,-0.0025348028171897565,-0.0025348028171897565
674,2019-09-30,0.004612803064495154,0.004612803064495154
675,2019-10-01,-0.012224932533950536,-0.012224932533950536
676,2019-10-02,-0.018491586022647284,-0.018491586022647284
677,2019-10-03,0.004693683821194588,0.004693683821194588
678,2019-10-04,0.013586959242305428,0.013586959242305428
679,2019-10-07,-0.0032869199285343828,-0.0032869199285343828
680,2019-10-08,-0.012500990491549065,-0.012500990491549065
681,2019-10-09,0.00681160649373587,0.00681160649373587
682,2019-10-10,0.005370877640246288,0.005370877640246288
683,2019-10-11,0.010991820395311765,0.010991820395311765
684,2019-10-14,-0.0011617381665336084,-0.0011617381665336084
685,2019-10-15,0.0085718258901874,0.0085718258901874
686,2019-10-16,-0.0019269720633169798,-0.0019269720633169798
687,2019-10-17,0.001716434590169016,0.001716434590169016
688,2019-10-18,-0.005959009981570993,-0.005959009981570993
689,2019-10-21,0.004327947846557841,0.004327947846557841
690,2019-10-22,-0.0038218137588865515,-0.0038218137588865515
691,2019-10-23,0.001119014178521689,0.001119014178521689
692,2019-10-24,-0.00158437815080178,-0.00158437815080178
693,2019-10-25,0.006692102958093772,0.006692102958093772
694,2019-10-28,0.004584184640086219,0.004584184640086219
695,2019-10-29,-0.0011190195231956684,-0.0011190195231956684
696,2019-10-30,0.005952728305363447,0.005952728305363447
697,2019-10-31,-0.004311970100284888,-0.004311970100284888
698,2019-11-01,0.00887723926765541,0.00887723926765541
699,2019-11-04,0.002938401727169089,0.002938401727169089
700,2019-11-05,0.000806028146548541,0.000806028146548541
701,2019-11-06,0.0013197494477577495,0.0013197494477577495
702,2019-11-07,0.004111029208478245,0.004111029208478245
703,2019-11-08,0.0028280899690579222,0.0028280899690579222
704,2019-11-11,-0.0006980482431103428,-0.0006980482431103428
705,2019-11-12,0.001463906940113104,0.001463906940113104
706,2019-11-13,0.005131583453078967,0.005131583453078967
707,2019-11-14,-0.0030527204124423963,-0.0030527204124423963
708,2019-11-15,0.004783102902625384,0.004783102902625384
709,2019-11-18,0.0011458371995816201,0.0011458371995816201
710,2019-11-19,-0.0019552806035276144,-0.0019552806035276144
711,2019-11-20,-0.0038854147255932728,-0.0038854147255932728
712,2019-11-21,-0.0021605966293351078,-0.0021605966293351078
713,2019-11-22,0.002860938095988894,0.002860938095988894
714,2019-11-25,0.00497587133067008,0.00497587133067008
715,2019-11-26,0.003344387734905174,0.003344387734905174
716,2019-11-27,0.0018798981016646004,0.0018798981016646004
717,2019-11-29,-0.003107567154936695,-0.003107567154936695
718,2019-12-02,-0.007734487487115706,-0.007734487487115706
719,2019-12-03,-0.008090759637060171,-0.008090759637060171
720,2019-12-04,0.003995542465907628,0.003995542465907628
721,2019-12-05,0.000980200920844056,0.000980200920844056
722,2019-12-06,0.009167001862408543,0.009167001862408543
723,2019-12-09,-0.002833883381583067,-0.002833883381583067
724,2019-12-10,-0.0005263385153168423,-0.0005263385153168423
725,2019-12-11,0.00039866725879158767,0.00039866725879158767
726,2019-12-12,0.00838473486591242,0.00838473486591242
727,2019-12-13,0.0008575290963686483,0.0008575290963686483
728,2019-12-16,0.004524183101478682,0.004524183101478682
729,2019-12-17,0.0012348675494180813,0.0012348675494180813
730,2019-12-18,-0.002516704974077272,-0.002516704974077272
731,2019-12-19,0.0055805831085277815,0.0055805831085277815
732,2019-12-20,0.004587401890291368,0.004587401890291368
733,2019-12-23,0.00044030460345472584,0.00044030460345472584
734,2019-12-24,-0.0007418030905745035,-0.0007418030905745035
735,2019-12-26,0.003314261347753209,0.003314261347753209
736,2019-12-27,0.0012668408890075067,0.0012668408890075067
737,2019-12-30,-0.006100598384184863,-0.006100598384184863
738,2019-12-31,0.002766926761560693,0.002766926761560693
739,2020-01-02,0.009907376419634356,0.009907376419634356
740,2020-01-03,-0.007979408474524925,-0.007979408474524925
741,2020-01-06,0.0024035020294544307,0.0024035020294544307
742,2020-01-07,-0.005207004620211056,-0.005207004620211056
743,2020-01-08,0.0033376021996824215,0.0033376021996824215
744,2020-01-09,0.0060044545961004695,0.0060044545961004695
745,2020-01-10,-0.0038734355541592672,-0.0038734355541592672
746,2020-01-13,0.004050943093522434,0.004050943093522434
747,2020-01-14,0.001167300838317086,0.001167300838317086
748,2020-01-15,0.002425239482721943,0.002425239482721943
749,2020-01-16,0.008069129681148262,0.008069129681148262
750,2020-01-17,0.0021533209353362666,0.0021533209353362666
751,2020-01-21,-0.003504380646491774,-0.003504380646491774
752,2020-01-22,0.0007273042437423143,0.0007273042437423143
753,2020-01-23,-0.0026673524890447535,-0.0026673524890447535
754,2020-01-24,-0.006132844221288095,-0.006132844221288095
755,2020-01-27,-0.012804833971694057,-0.012804833971694057
756,2020-01-28,0.007199922752309639,0.007199922752309639
757,2020-01-29,-0.00228556837093563,-0.00228556837093563
758,2020-01-30,0.0054157594105863,0.0054157594105863
759,2020-01-31,-0.01889085023843011,-0.01889085023843011
760,2020-02-03,0.00563243664138464,0.00563243664138464
761,2020-02-04,0.013681801478513073,0.013681801478513073
762,2020-02-05,0.013383563894782208,0.013383563894782208
763,2020-02-06,0.001618619411742402,0.001618619411742402
764,2020-02-07,-0.007860787331079264,-0.007860787331079264
765,2020-02-10,0.006236305013386288,0.006236305013386288
766,2020-02-11,0.0007261415777708338,0.0007261415777708338
767,2020-02-12,0.006233270276934394,0.006233270276934394
768,2020-02-13,-0.003612723048546187,-0.003612723048546187
769,2020-02-14,-0.00013715855676202493,-0.00013715855676202493
770,2020-02-18,-0.005022347748784776,-0.005022347748784776
771,2020-02-19,0.0032511902173015554,0.0032511902173015554
772,2020-02-20,-0.002732155808959221,-0.002732155808959221
773,2020-02-21,-0.006198770789289647,-0.006198770789289647
774,2020-02-24,-0.030174524866891282,-0.030174524866891282
775,2020-02-25,-0.02764232968948545,-0.02764232968948545
776,2020-02-26,-0.005932576419177825,-0.005932576419177825
777,2020-02-27,-0.04093413342065238,-0.04093413342065238
778,2020-02-28,-0.012916547288546973,-0.012916547288546973
779,2020-03-02,0.046394620747297194,0.046394620747297194
780,2020-03-03,-0.02747657102477942,-0.02747657102477942
781,2020-03-04,0.0438554504241536,0.0438554504241536
782,2020-03-05,-0.02907284127174243,-0.02907284127174243
783,2020-03-06,-0.00910079571767339,-0.00910079571767339
784,2020-03-09,-0.06948570925566386,-0.06948570925566386
785,2020-03-10,0.0477897646096865,0.0477897646096865
786,2020-03-11,-0.05165126603184384,-0.05165126603184384
787,2020-03-12,-0.09649606105034196,-0.09649606105034196
788,2020-03-13,0.09285586422875935,0.09285586422875935
789,2020-03-16,-0.11513905175630475,-0.11513905175630475
790,2020-03-17,0.05247695200307763,0.05247695200307763
791,2020-03-18,-0.05573237020580574,-0.05573237020580574
792,2020-03-19,0.007169853329418349,0.007169853329418349
793,2020-03-20,-0.03886129895836015,-0.03886129895836015
794,2020-03-23,-0.02609558906766166,-0.02609558906766166
795,2020-03-24,0.10637788682093978,0.10637788682093978
796,2020-03-25,0.01439191306284497,0.01439191306284497
797,2020-03-26,0.06072918190358884,0.06072918190358884
798,2020-03-27,-0.03597797229150882,-0.03597797229150882
799,2020-03-30,0.034017757026213416,0.034017757026213416
800,2020-03-31,-0.017693213767437158,-0.017693213767437158
801,2020-04-01,-0.040515768069401284,-0.040515768069401284
802,2020-04-02,0.026276073246970427,0.026276073246970427
803,2020-04-03,-0.015487567140066818,-0.015487567140066818
804,2020-04-06,0.06909065262822872,0.06909065262822872
805,2020-04-07,-0.0014682912143320732,-0.0014682912143320732
806,2020-04-08,0.029187107368939497,0.029187107368939497
807,2020-04-09,0.012847471281776846,0.012847471281776846
808,2020-04-13,-0.013435672866719083,-0.013435672866719083
809,2020-04-14,0.023474236018614914,0.023474236018614914
810,2020-04-15,-0.022828425213866965,-0.022828425213866965
811,2020-04-16,-0.0004910078139274184,-0.0004910078139274184
812,2020-04-17,0.03333699165981866,0.03333699165981866
813,2020-04-20,-0.021340155201499972,-0.021340155201499972
814,2020-04-21,-0.02654355267585233,-0.02654355267585233
815,2020-04-22,0.018145769647436544,0.018145769647436544
816,2020-04-23,-0.00015804885445458005,-0.00015804885445458005
817,2020-04-24,0.009398261375098041,0.009398261375098041
818,2020-04-27,0.01679353793804053,0.01679353793804053
819,2020-04-28,-0.0007585883212786593,-0.0007585883212786593
820,2020-04-29,0.02058301651896276,0.02058301651896276
821,2020-04-30,-0.015364762635705477,-0.015364762635705477
822,2020-05-01,-0.024310797393213318,-0.024310797393213318
823,2020-05-04,0.0006778492783021184,0.0006778492783021184
824,2020-05-05,0.004333816709698555,0.004333816709698555
825,2020-05-06,-0.010110114251662118,-0.010110114251662118
826,2020-05-07,0.009124425441446414,0.009124425441446414
827,2020-05-08,0.02045106720917433,0.02045106720917433
828,2020-05-11,-0.004274851401811413,-0.004274851401811413
829,2020-05-12,-0.02071299345252887,-0.02071299345252887
830,2020-05-13,-0.02173802890805955,-0.02173802890805955
831,2020-05-14,0.015167550288725328,0.015167550288725328
832,2020-05-15,0.0026458922578110598,0.0026458922578110598
833,2020-05-18,0.037436534274634455,0.037436534274634455
834,2020-05-19,-0.01615799903413508,-0.01615799903413508
835,2020-05-20,0.016987049435281367,0.016987049435281367
836,2020-05-21,-0.003922537536382308,-0.003922537536382308
837,2020-05-22,-0.0003098840162509612,-0.0003098840162509612
838,2020-05-26,0.02037174282127609,0.02037174282127609
839,2020-05-27,0.02023207324179413,0.02023207324179413
840,2020-05-28,-0.005317221116538536,-0.005317221116538536
841,2020-05-29,0.0015140261202166582,0.0015140261202166582
842,2020-06-01,0.002658760531055853,0.002658760531055853
843,2020-06-02,0.00884242190354895,0.00884242190354895
844,2020-06-03,0.0189091218620042,0.0189091218620042
845,2020-06-04,0.0018001535533680012,0.0018001535533680012
846,2020-06-05,0.02650596181476545,0.02650596181476545
847,2020-06-08,0.014815983359247846,0.014815983359247846
848,2020-06-09,-0.012431386068110454,-0.012431386068110454
849,2020-06-10,-0.009271868613954322,-0.009271868613954322
850,2020-06-11,-0.06296565518557466,-0.06296565518557466
851,2020-06-12,0.01500410651586893,0.01500410651586893
852,2020-06-15,0.005832993289093919,0.005832993289093919
853,2020-06-16,0.01906781571944377,0.01906781571944377
854,2020-06-17,-0.0058772760896665345,-0.0058772760896665345
855,2020-06-18,0.0003495215991181027,0.0003495215991181027
856,2020-06-19,-0.005398182338645283,-0.005398182338645283
857,2020-06-22,0.00278971112987899,0.00278971112987899
858,2020-06-23,0.002024066340580928,0.002024066340580928
859,2020-06-24,-0.025125138620548545,-0.025125138620548545
860,2020-06-25,0.011137671270057995,0.011137671270057995
861,2020-06-26,-0.024941242211985817,-0.024941242211985817
862,2020-06-29,0.01935090480814288,0.01935090480814288
863,2020-06-30,0.010024150045621127,0.010024150045621127
864,2020-07-01,-0.001534396162473786,-0.001534396162473786
865,2020-07-02,0.003640364824980303,0.003640364824980303
866,2020-07-06,0.014736952159036198,0.014736952159036198
867,2020-07-07,-0.011884345869866718,-0.011884345869866718
868,2020-07-08,0.0051275226168316,0.0051275226168316
869,2020-07-09,-0.013801779875872522,-0.013801779875872522
870,2020-07-10,0.014402901844505,0.014402901844505
871,2020-07-13,-0.002399378471182012,-0.002399378471182012
872,2020-07-14,0.01960970023584509,0.01960970023584509
873,2020-07-15,0.008270503109757398,0.008270503109757398
874,2020-07-16,-0.0025515655656203158,-0.0025515655656203158
875,2020-07-17,0.0002584515581859041,0.0002584515581859041
876,2020-07-20,-0.0009242311817775567,-0.0009242311817775567
877,2020-07-21,0.007033282025069474,0.007033282025069474
878,2020-07-22,0.005256576003125138,0.005256576003125138
879,2020-07-23,-0.009038501957101673,-0.009038501957101673
880,2020-07-24,-0.009597869818545561,-0.009597869818545561
881,2020-07-27,0.0031304552237163487,0.0031304552237163487
882,2020-07-28,-0.005387730164694765,-0.005387730164694765
883,2020-07-29,0.00450964682479276,0.00450964682479276
884,2020-07-30,-0.009771164029600309,-0.009771164029600309
885,2020-07-31,-0.0011484158401676267,-0.0011484158401676267
886,2020-08-03,0.006778443621233584,0.006778443621233584
887,2020-08-04,0.004159152100428969,0.004159152100428969
888,2020-08-05,0.012075725728987243,0.012075725728987243
889,2020-08-06,0.0046951785412407705,0.0046951785412407705
890,2020-08-07,0.0035016627783264285,0.0035016627783264285
891,2020-08-10,0.011894007421593179,0.011894007421593179
892,2020-08-11,-0.0025710878676930195,-0.0025710878676930195
893,2020-08-12,0.008367556014518846,0.008367556014518846
894,2020-08-13,-0.00588895869584765,-0.00588895869584765
895,2020-08-14,0.0013464133031434325,0.0013464133031434325
896,2020-08-17,-0.002060550230518584,-0.002060550230518584
897,2020-08-18,-0.002628839642734418,-0.002628839642734418
898,2020-08-19,-0.004254030870039183,-0.004254030870039183
899,2020-08-20,-0.00021111975418787254,-0.00021111975418787254
900,2020-08-21,0.00237879119550216,0.00237879119550216
901,2020-08-24,0.012363064635373459,0.012363064635373459
902,2020-08-25,0.002712511115151966,0.002712511115151966
903,2020-08-26,0.008765924029155903,0.008765924029155903
904,2020-08-27,0.008714911823896491,0.008714911823896491
905,2020-08-28,0.005632099455345324,0.005632099455345324
906,2020-08-31,-0.007646464812602826,-0.007646464812602826
907,2020-09-01,0.005675019681696078,0.005675019681696078
908,2020-09-02,0.01596502083251356,0.01596502083251356
909,2020-09-03,-0.024236046678120456,-0.024236046678120456
910,2020-09-04,-0.0035142589364815283,-0.0035142589364815283
911,2020-09-08,-0.020409819088921206,-0.020409819088921206
912,2020-09-09,0.012461730836363807,0.012461730836363807
913,2020-09-10,-0.013592461767901898,-0.013592461767901898
914,2020-09-11,0.005652027331049284,0.005652027331049284
915,2020-09-14,0.009699845554631081,0.009699845554631081
916,2020-09-15,-0.000830273973134687,-0.000830273973134687
917,2020-09-16,0.0030518420068600624,0.0030518420068600624
918,2020-09-17,-0.0033010024980064216,-0.0033010024980064216
919,2020-09-18,-0.008925062217083456,-0.008925062217083456
920,2020-09-21,-0.01794261391228546,-0.01794261391228546
921,2020-09-22,0.004984514868524157,0.004984514868524157
922,2020-09-23,-0.018475697287329552,-0.018475697287329552
923,2020-09-24,0.0014473224956498968,0.0014473224956498968
924,2020-09-25,0.011154034913123076,0.011154034913123076
925,2020-09-28,0.01514191468923287,0.01514191468923287
926,2020-09-29,-0.006145920172193456,-0.006145920172193456
927,2020-09-30,0.010032652639028325,0.010032652639028325
928,2020-10-01,6.139716271005521e-05,6.139716271005521e-05
929,2020-10-02,-0.003609587791717908,-0.003609587791717908
930,2020-10-05,0.015167125482712856,0.015167125482712856
931,2020-10-06,-0.011941067095962496,-0.011941067095962496
932,2020-10-07,0.017149437242826596,0.017149437242826596
933,2020-10-08,0.007576520164977209,0.007576520164977209
934,2020-10-09,0.003396670659777432,0.003396670659777432
935,2020-10-12,0.008797668827161173,0.008797668827161173
936,2020-10-13,-0.006568317663198122,-0.006568317663198122
937,2020-10-14,-0.00482035031917523,-0.00482035031917523
938,2020-10-15,0.0012337887518286239,0.0012337887518286239
939,2020-10-16,0.0027443889661209367,0.0027443889661209367
940,2020-10-19,-0.013814632967839482,-0.013814632967839482
941,2020-10-20,0.004651819268944214,0.004651819268944214
942,2020-10-21,-0.0016781931875864864,-0.0016781931875864864
943,2020-10-22,0.0072413611145199265,0.0072413611145199265
944,2020-10-23,-0.003240144102518004,-0.003240144102518004
945,2020-10-26,-0.02183150931157826,-0.02183150931157826
946,2020-10-27,-0.009738846223460305,-0.009738846223460305
947,2020-10-28,-0.031322224320054284,-0.031322224320054284
948,2020-10-29,0.0056587372010482445,0.0056587372010482445
949,2020-10-30,-0.003934886611583705,-0.003934886611583705
950,2020-11-02,0.016279375197284358,0.016279375197284358
951,2020-11-03,0.01894852337664162,0.01894852337664162
952,2020-11-04,0.005818581942099947,0.005818581942099947
953,2020-11-05,0.018212910832235366,0.018212910832235366
954,2020-11-06,-0.0011656490397148641,-0.0011656490397148641
955,2020-11-09,0.03608754113325439,0.03608754113325439
956,2020-11-10,0.011949992983253388,0.011949992983253388
957,2020-11-11,-0.0011128044850932833,-0.0011128044850932833
958,2020-11-12,-0.011275540508885138,-0.011275540508885138
959,2020-11-13,0.016376103122313357,0.016376103122313357
960,2020-11-16,0.017625461449914264,0.017625461449914264
961,2020-11-17,-0.008745635920088552,-0.008745635920088552
962,2020-11-18,-0.01215336518837842,-0.01215336518837842
963,2020-11-19,0.0024048947004696826,0.0024048947004696826
964,2020-11-20,-0.005888845019481886,-0.005888845019481886
965,2020-11-23,0.011749435884874825,0.011749435884874825
966,2020-11-24,0.015938232803429705,0.015938232803429705
967,2020-11-25,-0.004187179940626036,-0.004187179940626036
968,2020-11-27,0.00014788151601845582,0.00014788151601845582
969,2020-11-30,-0.008276059209988588,-0.008276059209988588
970,2020-12-01,0.007408221567845529,0.007408221567845529
971,2020-12-02,0.004248913244796273,0.004248913244796273
972,2020-12-03,0.004169084041913334,0.004169084041913334
973,2020-12-04,0.008826139923664818,0.008826139923664818
974,2020-12-07,-0.006436466466287049,-0.006436466466287049
975,2020-12-08,0.0035226959975420712,0.0035226959975420712
976,2020-12-09,-0.0028183389038852267,-0.0028183389038852267
977,2020-12-10,-0.001451231568746704,-0.001451231568746704
978,2020-12-11,0.0030628060566797693,0.0030628060566797693
979,2020-12-14,-0.007053766571998907,-0.007053766571998907
980,2020-12-15,0.010841432681153715,0.010841432681153715
981,2020-12-16,-0.002504396521153389,-0.002504396521153389
982,2020-12-17,0.004366690975807127,0.004366690975807127
983,2020-12-18,-0.0046017964197437025,-0.0046017964197437025
984,2020-12-21,-0.0010732306284380723,-0.0010732306284380723
985,2020-12-22,-0.006994574139860498,-0.006994574139860498
986,2020-12-23,0.00423119247403672,0.00423119247403672
987,2020-12-24,0.0021474985798189813,0.0021474985798189813
988,2020-12-28,0.0064092250351337615,0.0064092250351337615
989,2020-12-29,-0.001738639727210129,-0.001738639727210129
990,2020-12-30,0.0017996361775503525,0.0017996361775503525
991,2020-12-31,0.006282895000279525,0.006282895000279525
992,2021-01-04,-0.01086521944371505,-0.01086521944371505
993,2021-01-05,0.004884393322526331,0.004884393322526331
994,2021-01-06,0.012842265404609692,0.012842265404609692
995,2021-01-07,0.006508187717628242,0.006508187717628242
996,2021-01-08,0.0017679293879581711,0.0017679293879581711
997,2021-01-11,-0.0011575275604709515,-0.0011575275604709515
998,2021-01-12,0.0027215517062905837,0.0027215517062905837
999,2021-01-13,0.0013377208141189018,0.0013377208141189018
1000,2021-01-14,-0.0008007071229133697,-0.0008007071229133697
1001,2021-01-15,-0.005776227738077499,-0.005776227738077499
1002,2021-01-19,0.0032655390615476993,0.0032655390615476993
1003,2021-01-20,0.007991968636383587,0.007991968636383587
1004,2021-01-21,-0.00032621513329354925,-0.00032621513329354925
1005,2021-01-22,-0.0070453381314554255,-0.0070453381314554255
1006,2021-01-25,-0.0005914065067792393,-0.0005914065067792393
1007,2021-01-26,-0.000650689274615571,-0.000650689274615571
1008,2021-01-27,-0.018137868268669206,-0.018137868268669206
1009,2021-01-28,0.010055373311739389,0.010055373311739389
1010,2021-01-29,-0.019607351263727164,-0.019607351263727164
1011,2021-02-01,0.006558989632950568,0.006558989632950568
1012,2021-02-02,0.013309791133380404,0.013309791133380404
1013,2021-02-03,0.0010097996136352295,0.0010097996136352295
1014,2021-02-04,0.011959349921369856,0.011959349921369856
1015,2021-02-05,0.004576986651522622,0.004576986651522622
1016,2021-02-08,0.007765748773624564,0.007765748773624564
1017,2021-02-09,-0.0012539407814188496,-0.0012539407814188496
1018,2021-02-10,0.0011009084649655802,0.0011009084649655802
1019,2021-02-11,-2.7553755979590626e-05,-2.7553755979590626e-05
1020,2021-02-12,0.001285602775953466,0.001285602775953466
1021,2021-02-16,0.0005282689372428731,0.0005282689372428731
1022,2021-02-17,0.00429101633751006,0.00429101633751006
1023,2021-02-18,-0.004197578086783045,-0.004197578086783045
1024,2021-02-19,-0.0015368550536220338,-0.0015368550536220338
1025,2021-02-22,0.0009527743907759363,0.0009527743907759363
1026,2021-02-23,0.0005915218537346605,0.0005915218537346605
1027,2021-02-24,0.011141956180170186,0.011141956180170186
1028,2021-02-25,-0.01593563159180874,-0.01593563159180874
1029,2021-02-26,-0.014394592208365871,-0.014394592208365871
1030,2021-03-01,0.01799489945975359,0.01799489945975359
1031,2021-03-02,-0.004903988195955588,-0.004903988195955588
1032,2021-03-03,-0.0035593214553869667,-0.0035593214553869667
1033,2021-03-04,-0.010832363943525776,-0.010832363943525776
1034,2021-03-05,0.018856092645061866,0.018856092645061866
1035,2021-03-08,0.009913666125591454,0.009913666125591454
1036,2021-03-09,0.0013366286415885424,0.0013366286415885424
1037,2021-03-10,0.01394846694737211,0.01394846694737211
1038,2021-03-11,0.004212333257897925,0.004212333257897925
1039,2021-03-12,0.007162562858100095,0.007162562858100095
1040,2021-03-15,0.0074240947274963305,0.0074240947274963305
1041,2021-03-16,-0.0029995041168938805,-0.0029995041168938805
1042,2021-03-17,0.003843360250060115,0.003843360250060115
1043,2021-03-18,-0.00706150082982507,-0.00706150082982507
1044,2021-03-19,-0.006348181825974208,-0.006348181825974208
1045,2021-03-22,0.004608438301310656,0.004608438301310656
1046,2021-03-23,-0.007442941203506029,-0.007442941203506029
1047,2021-03-24,-4.139588505612215e-05,-4.139588505612215e-05
1048,2021-03-25,0.0061035963898666504,0.0061035963898666504
1049,2021-03-26,0.015239754363792163,0.015239754363792163
1050,2021-03-29,0.0032056719163472904,0.0032056719163472904
1051,2021-03-30,-0.004259799553442876,-0.004259799553442876
1052,2021-03-31,-0.002000473173901698,-0.002000473173901698
1053,2021-04-01,0.004865480787445978,0.004865480787445978
1054,2021-04-05,0.011984802100182521,0.011984802100182521
1055,2021-04-06,-0.0025117410606932426,-0.0025117410606932426
1056,2021-04-07,0.0009458509854078919,0.0009458509854078919
1057,2021-04-08,-0.00020499289725115475,-0.00020499289725115475
1058,2021-04-09,0.007209218357384231,0.007209218357384231
1059,2021-04-12,-0.002331716775928039,-0.002331716775928039
1060,2021-04-13,-0.0020037290686891647,-0.0020037290686891647
1061,2021-04-14,0.0011008131052116048,0.0011008131052116048
1062,2021-04-15,0.005884834859555505,0.005884834859555505
1063,2021-04-16,0.0050466584922910975,0.0050466584922910975
1064,2021-04-19,-0.003051177007364609,-0.003051177007364609
1065,2021-04-20,-0.006281060971068753,-0.006281060971068753
1066,2021-04-21,0.008611228272301485,0.008611228272301485
1067,2021-04-22,-0.009462508275272327,-0.009462508275272327
1068,2021-04-23,0.0036814621155067243,0.0036814621155067243
1069,2021-04-26,-0.003063883834513083,-0.003063883834513083
1070,2021-04-27,-0.0002985979937925385,-0.0002985979937925385
1071,2021-04-28,-0.0032440871568901095,-0.0032440871568901095
1072,2021-04-29,0.007065104560085687,0.007065104560085687
1073,2021-04-30,-0.004853774662980002,-0.004853774662980002
1074,2021-05-03,0.00746681658718669,0.00746681658718669
1075,2021-05-04,-0.0005395319273748629,-0.0005395319273748629
1076,2021-05-05,0.0027955209775361468,0.0027955209775361468
1077,2021-05-06,0.008397711306462833,0.008397711306462833
1078,2021-05-07,0.005529155931614387,0.005529155931614387
1079,2021-05-10,-0.0004105516145203426,-0.0004105516145203426
1080,2021-05-11,-0.013023990180662349,-0.013023990180662349
1081,2021-05-12,-0.018324055795418473,-0.018324055795418473
1082,2021-05-13,0.012588260086190331,0.012588260086190331
1083,2021-05-14,0.009561770280283727,0.009561770280283727
1084,2021-05-17,-0.0013140315495752566,-0.0013140315495752566
1085,2021-05-18,-0.00765024320878569,-0.00765024320878569
1086,2021-05-19,-0.004485339821759852,-0.004485339821759852
1087,2021-05-20,0.005778898826225282,0.005778898826225282
1088,2021-05-21,0.0019572287585482334,0.0019572287585482334
1089,2021-05-24,0.005524251329586503,0.005524251329586503
1090,2021-05-25,-0.0029478413489368665,-0.0029478413489368665
1091,2021-05-26,-0.0007196773378310596,-0.0007196773378310596
1092,2021-05-27,0.003880235299556785,0.003880235299556785
1093,2021-05-28,0.0011212160290244514,0.0011212160290244514
1094,2021-06-01,0.0005699315322886181,0.0005699315322886181
1095,2021-06-02,0.0019536080456530234,0.0019536080456530234
1096,2021-06-03,-0.00046469226172958527,-0.00046469226172958527
1097,2021-06-04,0.005531053393132697,0.005531053393132697
1098,2021-06-07,-0.003545095196276299,-0.003545095196276299
1099,2021-06-08,-0.0010320721494460775,-0.0010320721494460775
1100,2021-06-09,-0.003868924769654635,-0.003868924769654635
1101,2021-06-10,0.0032720549445404462,0.0032720549445404462
1102,2021-06-11,0.000953866559184001,0.000953866559184001
1103,2021-06-14,-0.002682620238568925,-0.002682620238568925
1104,2021-06-15,-0.0021639393521035665,-0.0021639393521035665
1105,2021-06-16,-0.007846449089670896,-0.007846449089670896
1106,2021-06-17,-0.005368733023442053,-0.005368733023442053
1107,2021-06-18,-0.016360743597501833,-0.016360743597501833
1108,2021-06-21,0.016177250764108524,0.016177250764108524
1109,2021-06-22,0.0018202644269498538,0.0018202644269498538
1110,2021-06-23,-0.0024884478287382377,-0.0024884478287382377
1111,2021-06-24,0.00820166469186638,0.00820166469186638
1112,2021-06-25,0.007953686490762692,0.007953686490762692
1113,2021-06-28,-0.004098336227809671,-0.004098336227809671
1114,2021-06-29,-0.0006803473696758782,-0.0006803473696758782
1115,2021-06-30,0.006021894010896324,0.006021894010896324
1116,2021-07-01,0.0023573688343914018,0.0023573688343914018
1117,2021-07-02,0.003439304610756128,0.003439304610756128
1118,2021-07-06,-0.006165893303794383,-0.006165893303794383
1119,2021-07-07,0.0031862770267544398,0.0031862770267544398
1120,2021-07-08,-0.0069307805141979135,-0.0069307805141979135
1121,2021-07-09,0.012207815670766953,0.012207815670766953
1122,2021-07-12,0.002937086667545813,0.002937086667545813
1123,2021-07-13,-0.002349702290892115,-0.002349702290892115
1124,2021-07-14,0.002475349701996524,0.002475349701996524
1125,2021-07-15,0.00087717152304522,0.00087717152304522
1126,2021-07-16,-0.007704004152995488,-0.007704004152995488
1127,2021-07-19,-0.01867434192267617,-0.01867434192267617
1128,2021-07-20,0.013605241263901002,0.013605241263901002
1129,2021-07-21,0.008089964381734033,0.008089964381734033
1130,2021-07-22,-0.0006594332378901484,-0.0006594332378901484
1131,2021-07-23,0.005249448230416388,0.005249448230416388
1132,2021-07-26,0.0037679787624765905,0.0037679787624765905
1133,2021-07-27,-0.0019468869862680031,-0.0019468869862680031
1134,2021-07-28,-0.0035569968482116513,-0.0035569968482116513
1135,2021-07-29,0.00422617688400622,0.00422617688400622
1136,2021-07-30,-0.002870489214785469,-0.002870489214785469
1137,2021-08-02,-0.0029155339378623677,-0.0029155339378623677
1138,2021-08-03,0.007282340971852333,0.007282340971852333
1139,2021-08-04,-0.009296764001690834,-0.009296764001690834
1140,2021-08-05,0.0078395064656274,0.0078395064656274
1141,2021-08-06,0.0024563911665614682,0.0024563911665614682
1142,2021-08-09,-0.0025301665573664997,-0.0025301665573664997
1143,2021-08-10,0.005043714654923201,0.005043714654923201
1144,2021-08-11,0.006482704438347157,0.006482704438347157
1145,2021-08-12,0.0004300723566505513,0.0004300723566505513
1146,2021-08-13,0.0007976118608436447,0.0007976118608436447
1147,2021-08-16,0.0028570893064681123,0.0028570893064681123
1148,2021-08-17,-0.006671684740870922,-0.006671684740870922
1149,2021-08-18,-0.011292370983214086,-0.011292370983214086
1150,2021-08-19,-0.00201816006556402,-0.00201816006556402
1151,2021-08-20,0.005853780303464889,0.005853780303464889
1152,2021-08-23,0.005708354315425555,0.005708354315425555
1153,2021-08-24,0.0003001965026475168,0.0003001965026475168
1154,2021-08-25,0.0013625072446632205,0.0013625072446632205
1155,2021-08-26,-0.0065156750309926775,-0.0065156750309926775
1156,2021-08-27,0.006030647538550295,0.006030647538550295
1157,2021-08-30,-0.000196278603407948,-0.000196278603407948
1158,2021-08-31,0.00025926930864543545,0.00025926930864543545
1159,2021-09-01,-0.0017288550169383204,-0.0017288550169383204
1160,2021-09-02,0.004711964928229576,0.004711964928229576
1161,2021-09-03,-0.0020082841111848486,-0.0020082841111848486
1162,2021-09-07,-0.007711920950462939,-0.007711920950462939
1163,2021-09-08,-0.00017257534649685514,-0.00017257534649685514
1164,2021-09-09,-0.0046844151527165425,-0.0046844151527165425
1165,2021-09-10,-0.006598938371628224,-0.006598938371628224
1166,2021-09-13,0.006412579158115545,0.006412579158115545
1167,2021-09-14,-0.008876318658092434,-0.008876318658092434
1168,2021-09-15,0.00723815200658119,0.00723815200658119
1169,2021-09-16,-0.0023017159037422956,-0.0023017159037422956
1170,2021-09-17,-0.004770747299738795,-0.004770747299738795
1171,2021-09-20,-0.01590160754369758,-0.01590160754369758
1172,2021-09-21,-0.0017925523782217803,-0.0017925523782217803
1173,2021-09-22,0.009304980382924861,0.009304980382924861
1174,2021-09-23,0.013370104111786555,0.013370104111786555
1175,2021-09-24,0.0006373018984852663,0.0006373018984852663
1176,2021-09-27,0.00162315489051867,0.00162315489051867
1177,2021-09-28,-0.013801734545655177,-0.013801734545655177
1178,2021-09-29,0.0033943148183839845,0.0033943148183839845
1179,2021-09-30,-0.01456063367850976,-0.01456063367850976
1180,2021-10-01,0.014072196119366168,0.014072196119366168
1181,2021-10-04,-0.00695631749148997,-0.00695631749148997
1182,2021-10-05,0.007132103532542751,0.007132103532542751
1183,2021-10-06,0.002269358578189266,0.002269358578189266
1184,2021-10-07,0.008953566898162554,0.008953566898162554
1185,2021-10-08,-0.0007881819990468724,-0.0007881819990468724
1186,2021-10-11,-0.006474778861587325,-0.006474778861587325
1187,2021-10-12,-0.004147700862015104,-0.004147700862015104
1188,2021-10-13,-0.000250990559292147,-0.000250990559292147
1189,2021-10-14,0.014442798654178931,0.014442798654178931
1190,2021-10-15,0.006946249474325875,0.006946249474325875
1191,2021-10-18,-0.002866212034623849,-0.002866212034623849
1192,2021-10-19,0.007253583928365113,0.007253583928365113
1193,2021-10-20,0.005624438649868258,0.005624438649868258
1194,2021-10-21,-0.0011862943303673251,-0.0011862943303673251
1195,2021-10-22,-0.0018071176489146555,-0.0018071176489146555
1196,2021-10-25,0.0018163025287833848,0.0018163025287833848
1197,2021-10-26,-0.0006303263831794925,-0.0006303263831794925
1198,2021-10-27,-0.007194084381967945,-0.007194084381967945
1199,2021-10-28,0.007434337931963074,0.007434337931963074
1200,2021-10-29,0.0023998422276545733,0.0023998422276545733
1201,2021-11-01,0.0027331205457561234,0.0027331205457561234
1202,2021-11-02,0.0034420675435242604,0.0034420675435242604
1203,2021-11-03,0.003898270064414459,0.003898270064414459
1204,2021-11-04,-0.00033131072389078084,-0.00033131072389078084
1205,2021-11-05,0.005353744436196063,0.005353744436196063
1206,2021-11-08,0.0013649047170677597,0.0013649047170677597
1207,2021-11-09,-0.0027683649387032806,-0.0027683649387032806
1208,2021-11-10,-0.0041294157131908,-0.0041294157131908
1209,2021-11-11,-0.0054967622838233395,-0.0054967622838233395
1210,2021-11-12,0.002679313785254505,0.002679313785254505
1211,2021-11-15,0.0007663198486679559,0.0007663198486679559
1212,2021-11-16,0.00023776110247361614,0.00023776110247361614
1213,2021-11-17,-0.0059727683023835885,-0.0059727683023835885
1214,2021-11-18,-0.003443141921414776,-0.003443141921414776
1215,2021-11-19,-0.007518674997312809,-0.007518674997312809
1216,2021-11-22,0.003200423472550868,0.003200423472550868
1217,2021-11-23,0.004614445396531803,0.004614445396531803
1218,2021-11-24,-0.00029801268502900743,-0.00029801268502900743
1219,2021-11-26,-0.023250448730468297,-0.023250448730468297
1220,2021-11-29,0.004133651934960648,0.004133651934960648
1221,2021-11-30,-0.018391876747301028,-0.018391876747301028
1222,2021-12-01,-0.01102963714221689,-0.01102963714221689
1223,2021-12-02,0.017317979447373507,0.017317979447373507
1224,2021-12-03,0.0007978970617439859,0.0007978970617439859
1225,2021-12-06,0.017898245477153206,0.017898245477153206
1226,2021-12-07,0.011094447681997428,0.011094447681997428
1227,2021-12-08,0.0004827162362955889,0.0004827162362955889
1228,2021-12-09,-2.2096053684465768e-05,-2.2096053684465768e-05
1229,2021-12-10,0.0067432031450960035,0.0067432031450960035
1230,2021-12-13,-0.006478157899492912,-0.006478157899492912
1231,2021-12-14,-0.0013581135661844038,-0.0013581135661844038
1232,2021-12-15,0.009044474904684198,0.009044474904684198
1233,2021-12-16,0.0015263708819894233,0.0015263708819894233
1234,2021-12-17,-0.013211154956179477,-0.013211154956179477
1235,2021-12-20,-0.010366380097277837,-0.010366380097277837
1236,2021-12-21,0.014593435134950402,0.014593435134950402
1237,2021-12-22,0.005906819800307888,0.005906819800307888
1238,2021-12-23,0.004891365255188731,0.004891365255188731
1239,2021-12-27,0.009002523764723547,0.009002523764723547
1240,2021-12-28,0.0032149174255003163,0.0032149174255003163
1241,2021-12-29,0.002273157646127742,0.002273157646127742
1242,2021-12-30,-0.0020712650606653804,-0.0020712650606653804
1243,2021-12-31,-0.0008691741661948706,-0.0008691741661948706
1244,2022-01-03,0.006862560731959881,0.006862560731959881
1245,2022-01-04,0.006319026323371972,0.006319026323371972
1246,2022-01-05,-0.005171212766695854,-0.005171212766695854
1247,2022-01-06,-0.0021002779285171328,-0.0021002779285171328
1248,2022-01-07,0.003308894840718732,0.003308894840718732
1249,2022-01-10,-0.0038073185220627156,-0.0038073185220627156
1250,2022-01-11,0.004067261363520058,0.004067261363520058
1251,2022-01-12,0.0006207034389978695,0.0006207034389978695
1252,2022-01-13,-0.003118597518321064,-0.003118597518321064
1253,2022-01-14,-0.0044884149033756334,-0.0044884149033756334
1254,2022-01-18,-0.011720475552328186,-0.011720475552328186
1255,2022-01-19,-0.008495426177874342,-0.008495426177874342
1256,2022-01-20,-0.008665086805888145,-0.008665086805888145
1257,2022-01-21,-0.012838400924960651,-0.012838400924960651
1258,2022-01-24,0.0022750048030803285,0.0022750048030803285
1259,2022-01-25,-0.00048202535311725383,-0.00048202535311725383
1260,2022-01-26,-0.005857616609338619,-0.005857616609338619
1261,2022-01-27,-0.0018474935800473996,-0.0018474935800473996
1262,2022-01-28,0.014312170573800279,0.014312170573800279
1263,2022-01-31,0.010376843412569272,0.010376843412569272
1264,2022-02-01,0.006913178281703594,0.006913178281703594
1265,2022-02-02,0.00622675442446743,0.00622675442446743
1266,2022-02-03,-0.014847803059358277,-0.014847803059358277
1267,2022-02-04,-0.0015679271418133443,-0.0015679271418133443
1268,2022-02-07,0.000642031224343829,0.000642031224343829
1269,2022-02-08,0.007489185186478601,0.007489185186478601
1270,2022-02-09,0.007791242411856551,0.007791242411856551
1271,2022-02-10,-0.012252867704888318,-0.012252867704888318
1272,2022-02-11,-0.012154213179582408,-0.012154213179582408
1273,2022-02-14,-0.004937104448897361,-0.004937104448897361
1274,2022-02-15,0.01125330215582937,0.01125330215582937
1275,2022-02-16,-0.001489542831067513,-0.001489542831067513
1276,2022-02-17,-0.012521757523441212,-0.012521757523441212
1277,2022-02-18,-0.00593273673936927,-0.00593273673936927
1278,2022-02-22,-0.012548091767979434,-0.012548091767979434
1279,2022-02-23,-0.012487390351660015,-0.012487390351660015
1280,2022-02-24,0.0017978940079460947,0.0017978940079460947
1281,2022-02-25,0.024491853834256092,0.024491853834256092
1282,2022-02-28,-0.004471144837280244,-0.004471144837280244
1283,2022-03-01,-0.015338950701808749,-0.015338950701808749
1284,2022-03-02,0.017287206004329644,0.017287206004329644
1285,2022-03-03,-0.0010233206953266264,-0.0010233206953266264
1286,2022-03-04,-0.0037492044277842185,-0.0037492044277842185
1287,2022-03-07,-0.0213067183904296,-0.0213067183904296
1288,2022-03-08,-0.005435975302484493,-0.005435975302484493
1289,2022-03-09,0.016116928029475872,0.016116928029475872
1290,2022-03-10,-0.003844136057630893,-0.003844136057630893
1291,2022-03-11,-0.006190971268184941,-0.006190971268184941
1292,2022-03-14,-0.0008877229858511077,-0.0008877229858511077
1293,2022-03-15,0.01670682936287661,0.01670682936287661
1294,2022-03-16,0.013375987148331426,0.013375987148331426
1295,2022-03-17,0.010012127402438594,0.010012127402438594
1296,2022-03-18,0.0063867206598140795,0.0063867206598140795
1297,2022-03-21,-0.004285605957004331,-0.004285605957004331
1298,2022-03-22,0.007219040993681348,0.007219040993681348
1299,2022-03-23,-0.011508368574538935,-0.011508368574538935
1300,2022-03-24,0.009854046715499477,0.009854046715499477
1301,2022-03-25,0.0057745374077943345,0.0057745374077943345
1302,2022-03-28,0.0021832632747919695,0.0021832632747919695
1303,2022-03-29,0.009402555224625483,0.009402555224625483
1304,2022-03-30,-0.0016880286876587004,-0.0016880286876587004
1305,2022-03-31,-0.015849813565261075,-0.015849813565261075
1306,2022-04-01,0.003703665766750258,0.003703665766750258
1307,2022-04-04,0.002770586730129727,0.002770586730129727
1308,2022-04-05,-0.008129252442405933,-0.008129252442405933
1309,2022-04-06,-0.0025324036882978327,-0.0025324036882978327
1310,2022-04-07,0.0028000945399199763,0.0028000945399199763
1311,2022-04-08,0.002885568447920962,0.002885568447920962
1312,2022-04-11,-0.011206503885885224,-0.011206503885885224
1313,2022-04-12,-0.002126241926340168,-0.002126241926340168
1314,2022-04-13,0.009576124349458577,0.009576124349458577
1315,2022-04-14,-0.003362477535111158,-0.003362477535111158
1316,2022-04-18,-0.0024321575077128374,-0.0024321575077128374
1317,2022-04-19,0.014299210543516811,0.014299210543516811
1318,2022-04-20,0.006329249688271561,0.006329249688271561
1319,2022-04-21,-0.00867590426500618,-0.00867590426500618
1320,2022-04-22,-0.026048410983103978,-0.026048410983103978
1321,2022-04-25,0.005526656630571199,0.005526656630571199
1322,2022-04-26,-0.022348982111362437,-0.022348982111362437
1323,2022-04-27,-0.0012757572953723448,-0.0012757572953723448
1324,2022-04-28,0.018724758629183928,0.018724758629183928
1325,2022-04-29,-0.026745084784198674,-0.026745084784198674
1326,2022-05-02,0.0037150086476607524,0.0037150086476607524
1327,2022-05-03,0.002658746273590152,0.002658746273590152
1328,2022-05-04,0.027750494552839622,0.027750494552839622
1329,2022-05-05,-0.028411122547323205,-0.028411122547323205
1330,2022-05-06,-0.0036962896300614875,-0.0036962896300614875
1331,2022-05-09,-0.01715161031134614,-0.01715161031134614
1332,2022-05-10,-0.0026072113662872994,-0.0026072113662872994
1333,2022-05-11,-0.01007033730341124,-0.01007033730341124
1334,2022-05-12,-0.0017392902911700227,-0.0017392902911700227
1335,2022-05-13,0.014295986303297006,0.014295986303297006
1336,2022-05-16,0.0008510750169588137,0.0008510750169588137
1337,2022-05-17,0.01119104615083299,0.01119104615083299
1338,2022-05-18,-0.03713568532838671,-0.03713568532838671
1339,2022-05-19,-0.013130792615285831,-0.013130792615285831
1340,2022-05-20,0.0005284286114512428,0.0005284286114512428
1341,2022-05-23,0.019600410962432143,0.019600410962432143
1342,2022-05-24,0.001358811898534802,0.001358811898534802
1343,2022-05-25,0.0060299653244328365,0.0060299653244328365
1344,2022-05-26,0.015978371400671147,0.015978371400671147
1345,2022-05-27,0.01769673025412369,0.01769673025412369
1346,2022-05-31,-0.004973416523876843,-0.004973416523876843
1347,2022-06-01,-0.005307939366704543,-0.005307939366704543
1348,2022-06-02,0.014239876118618369,0.014239876118618369
1349,2022-06-03,-0.010732482261219783,-0.010732482261219783
1350,2022-06-06,0.00016542693972815904,0.00016542693972815904
1351,2022-06-07,0.006475584681148743,0.006475584681148743
1352,2022-06-08,-0.008930942036888156,-0.008930942036888156
1353,2022-06-09,-0.01932537024647051,-0.01932537024647051
1354,2022-06-10,-0.023347379068624708,-0.023347379068624708
1355,2022-06-13,-0.025963134901828548,-0.025963134901828548
1356,2022-06-14,-0.004663349721504874,-0.004663349721504874
1357,2022-06-15,0.010024066223102776,0.010024066223102776
1358,2022-06-16,-0.02174031588908381,-0.02174031588908381
1359,2022-06-17,-0.0013602929940635786,-0.0013602929940635786
1360,2022-06-21,0.018464929823775924,0.018464929823775924
1361,2022-06-22,-0.002963856685225338,-0.002963856685225338
1362,2022-06-23,0.00522375083557285,0.00522375083557285
1363,2022-06-24,0.02597558513175756,0.02597558513175756
1364,2022-06-27,-0.002436931231491659,-0.002436931231491659
1365,2022-06-28,-0.016566268414823785,-0.016566268414823785
1366,2022-06-29,6.019001555072632e-05,6.019001555072632e-05
1367,2022-06-30,-0.008108309145949826,-0.008108309145949826
1368,2022-07-01,0.009854906542285267,0.009854906542285267
1369,2022-07-05,-0.0026362213381415575,-0.0026362213381415575
1370,2022-07-06,0.0010939240076436774,0.0010939240076436774
1371,2022-07-07,0.011093178231437437,0.011093178231437437
1372,2022-07-08,-0.0025813534757451006,-0.0025813534757451006
1373,2022-07-11,-0.005376079410436875,-0.005376079410436875
1374,2022-07-12,-0.004342666218009676,-0.004342666218009676
1375,2022-07-13,-0.005112531254603809,-0.005112531254603809
1376,2022-07-14,-0.004612324106013551,-0.004612324106013551
1377,2022-07-15,0.017888534973932807,0.017888534973932807
1378,2022-07-18,-0.006101616893211212,-0.006101616893211212
1379,2022-07-19,0.02203809056612769,0.02203809056612769
1380,2022-07-20,0.003146922760657122,0.003146922760657122
1381,2022-07-21,0.003471202135827535,0.003471202135827535
1382,2022-07-22,-0.005419132684331324,-0.005419132684331324
1383,2022-07-25,0.0025473942238422452,0.0025473942238422452
1384,2022-07-26,-0.008211039021860704,-0.008211039021860704
1385,2022-07-27,0.013762166449812267,0.013762166449812267
1386,2022-07-28,0.009892044838301842,0.009892044838301842
1387,2022-07-29,0.008366782731179731,0.008366782731179731
1388,2022-08-01,0.0005281005902919455,0.0005281005902919455
1389,2022-08-02,-0.0124757393046707,-0.0124757393046707
1390,2022-08-03,0.01128373867158789,0.01128373867158789
1391,2022-08-04,-0.004462368161018792,-0.004462368161018792
1392,2022-08-05,0.0019920644791074915,0.0019920644791074915
1393,2022-08-08,0.0016525866135553033,0.0016525866135553033
1394,2022-08-09,-0.002195954502376335,-0.002195954502376335
1395,2022-08-10,0.015934746525177436,0.015934746525177436
1396,2022-08-11,0.003155234181305345,0.003155234181305345
1397,2022-08-12,0.01274581660343509,0.01274581660343509
1398,2022-08-15,0.004651034564228351,0.004651034564228351
1399,2022-08-16,0.008492000734062633,0.008492000734062633
1400,2022-08-17,-0.005247673553234452,-0.005247673553234452
1401,2022-08-18,2.7435672450477325e-05,2.7435672450477325e-05
1402,2022-08-19,-0.009239189676821278,-0.009239189676821278
1403,2022-08-22,-0.01936674528264071,-0.01936674528264071
1404,2022-08-23,-0.00335743196547884,-0.00335743196547884
1405,2022-08-24,0.0016718085651842905,0.0016718085651842905
1406,2022-08-25,0.009140522610889903,0.009140522610889903
1407,2022-08-26,-0.029136167305359957,-0.029136167305359957
1408,2022-08-29,-0.005315453945505724,-0.005315453945505724
1409,2022-08-30,-0.009655301469094399,-0.009655301469094399
1410,2022-08-31,-0.009118427185407741,-0.009118427185407741
1411,2022-09-01,0.004649747684872501,0.004649747684872501
1412,2022-09-02,-0.010081662761129585,-0.010081662761129585
1413,2022-09-06,-0.005997523920599149,-0.005997523920599149
1414,2022-09-07,0.01436159007423493,0.01436159007423493
1415,2022-09-08,0.004566503616732396,0.004566503616732396
1416,2022-09-09,0.012766474148009896,0.012766474148009896
1417,2022-09-12,0.007795569807893435,0.007795569807893435
1418,2022-09-13,-0.037611779510762146,-0.037611779510762146
1419,2022-09-14,0.0015440305457010111,0.0015440305457010111
1420,2022-09-15,-0.008908651574427372,-0.008908651574427372
1421,2022-09-16,-0.0035033403876568565,-0.0035033403876568565
1422,2022-09-19,0.006047694708541937,0.006047694708541937
1423,2022-09-20,-0.010495887215072962,-0.010495887215072962
1424,2022-09-21,-0.01631260734915972,-0.01631260734915972
1425,2022-09-22,-0.0041870509778929995,-0.0041870509778929995
1426,2022-09-23,-0.016453364583565718,-0.016453364583565718
1427,2022-09-26,-0.010589507858322958,-0.010589507858322958
1428,2022-09-27,-0.004699716683333532,-0.004699716683333532
1429,2022-09-28,0.018370572354748958,0.018370572354748958
1430,2022-09-29,-0.016376020359369137,-0.016376020359369137
1431,2022-09-30,-0.018791785618795232,-0.018791785618795232
1432,2022-10-03,0.027304453423816415,0.027304453423816415
1433,2022-10-04,0.02681987180043068,0.02681987180043068
1434,2022-10-05,-0.00204588071934193,-0.00204588071934193
1435,2022-10-06,-0.012115606749790188,-0.012115606749790188
1436,2022-10-07,-0.02178926554579938,-0.02178926554579938
1437,2022-10-10,-0.0018891732038474832,-0.0018891732038474832
1438,2022-10-11,0.001368005359107766,0.001368005359107766
1439,2022-10-12,-0.0013659610860655763,-0.0013659610860655763
1440,2022-10-13,0.0283098037122145,0.0283098037122145
1441,2022-10-14,-0.013997261085207494,-0.013997261085207494
1442,2022-10-17,0.017879737916422847,0.017879737916422847
1443,2022-10-18,0.010490721789180589,0.010490721789180589
1444,2022-10-19,-0.0014855392985349514,-0.0014855392985349514
1445,2022-10-20,-0.0029302353897439726,-0.0029302353897439726
1446,2022-10-21,0.022061655146133383,0.022061655146133383
1447,2022-10-24,0.012546381047460914,0.012546381047460914
1448,2022-10-25,0.012442467088897199,0.012442467088897199
1449,2022-10-26,0.00030917069786426014,0.00030917069786426014
1450,2022-10-27,0.004516141595203976,0.004516141595203976
1451,2022-10-28,0.0279185576208493,0.0279185576208493
1452,2022-10-31,-0.004655078540080464,-0.004655078540080464
1453,2022-11-01,-0.002206354130738324,-0.002206354130738324
1454,2022-11-02,-0.016227518400389752,-0.016227518400389752
1455,2022-11-03,-0.004815489264742215,-0.004815489264742215
1456,2022-11-04,0.013504186896601851,0.013504186896601851
1457,2022-11-07,0.01129436239406078,0.01129436239406078
1458,2022-11-08,0.007453405045547546,0.007453405045547546
1459,2022-11-09,-0.021877840672425753,-0.021877840672425753
1460,2022-11-10,0.03915839486475283,0.03915839486475283
1461,2022-11-11,0.00632851171489385,0.00632851171489385
1462,2022-11-14,-0.005299700342060992,-0.005299700342060992
1463,2022-11-15,0.0050189596782102604,0.0050189596782102604
1464,2022-11-16,-0.003594169149995818,-0.003594169149995818
1465,2022-11-17,0.0004988170890426814,0.0004988170890426814
1466,2022-11-18,0.005178548939721621,0.005178548939721621
1467,2022-11-21,0.0017801399394920389,0.0017801399394920389
1468,2022-11-22,0.011897739762582323,0.011897739762582323
1469,2022-11-23,0.002598940322727705,0.002598940322727705
1470,2022-11-25,0.0025364214868823596,0.0025364214868823596
1471,2022-11-28,-0.014148022488505397,-0.014148022488505397
1472,2022-11-29,0.0010508242626770313,0.0010508242626770313
1473,2022-11-30,0.02046831316521461,0.02046831316521461
1474,2022-12-01,-0.004012727636980229,-0.004012727636980229
1475,2022-12-02,0.001153152759908605,0.001153152759908605
1476,2022-12-05,-0.014876819112357135,-0.014876819112357135
1477,2022-12-06,-0.01120690287757132,-0.01120690287757132
1478,2022-12-07,-0.00037062328868561897,-0.00037062328868561897
1479,2022-12-08,0.005307528363013219,0.005307528363013219
1480,2022-12-09,-0.008164418281531891,-0.008164418281531891
1481,2022-12-12,0.015374251350924661,0.015374251350924661
1482,2022-12-13,0.0038463791789594896,0.0038463791789594896
1483,2022-12-14,-0.0045856255815471475,-0.0045856255815471475
1484,2022-12-15,-0.0215716044353266,-0.0215716044353266
